rank,company_id,company_name,year,return_on_equity_pct,roe_score,net_profit_margin_pct,npm_score,debt_to_equity,de_score,revenue_cagr_5yr,growth_score,interest_coverage,icr_score,composite_score,quality_rating
1,DIVISLAB,Divis Laboratories Ltd,2022,25.2387448840382,25,33.035714285714285,20,0.00034106412005457026,20,17.130733265194962,20,1998.5,15,100,Excellent
1,IRCTC,Indian Railway Catering & Tourism Corporation Ltd,2020,39.04109589041096,25,22.659010600706715,20,0.0,20,16.411555535790434,20,78.0,15,100,Excellent
1,IRCTC,Indian Railway Catering & Tourism Corporation Ltd,2023,40.597255851493145,25,28.410053657158997,20,0.03389830508474576,20,19.288448837755602,20,89.0,15,100,Excellent
1,IRCTC,Indian Railway Catering & Tourism Corporation Ltd,2024,31.535623048538174,25,26.01873536299766,20,0.011921657678115243,20,17.955244103890912,20,82.73684210526316,15,100,Excellent
1,NAUKRI,Info Edge (India) Ltd,2018,24.49877750611247,25,50.708502024291505,20,0.0004889975550122249,20,15.921232283459897,20,124.0,15,100,Excellent
1,NAUKRI,Info Edge (India) Ltd,2019,23.27959103421156,25,51.433536055603824,20,0.00039323633503735744,20,15.212195570626985,20,106.57142857142857,15,100,Excellent
2,ADANIPOWER,Adani Power Ltd,2024,37.22522071701755,25,41.36759945184802,20,0.6738570969010258,15,16.086096410440966,20,8.297225501770956,15,95,Excellent
2,ASIANPAINT,Asian Paints Indian Multi-National Paint and Coating Manufacturing Company,2023,26.231865932966482,25,12.163298442981821,15,0.12087293646823412,20,15.437019717035461,20,46.46527777777778,15,95,Excellent
2,COALINDIA,Coal India Ltd,2023,52.13911214108443,25,22.94578016954547,20,0.07118320924346268,20,10.154316600646451,15,14.33719512195122,15,95,Excellent
2,DIVISLAB,Divis Laboratories Ltd,2021,21.34480903711673,25,28.46893384990673,20,0.0005379236148466917,20,13.038840944248363,15,1462.0,15,95,Excellent
2,EICHERMOT,Eicher Motors Ltd,2024,21.081195005005533,25,24.195694242864054,20,0.021286685283734653,20,11.036936496739692,15,114.70588235294117,15,95,Excellent
2,INDIGO,Interglobe Aviation Ltd,2024,856.9779643231899,25,11.852722628584697,15,0.02098635886673662,20,19.313355125806165,20,22.612639724849526,15,95,Excellent
2,INFY,Infosys Ltd,2023,31.970506716883047,25,16.426035825492104,15,0.11005609558794277,20,15.787255328146577,20,133.20774647887325,15,95,Excellent
2,ITC,ITC Ltd,2023,28.16426867182416,25,27.463726222873987,20,0.004424842744559323,20,10.295187558658526,15,356.43589743589746,15,95,Excellent
2,LTIM,LTIMindtree Ltd,2020,28.127313101406365,25,13.971872414744002,15,0.1687638786084382,20,16.92484877805469,20,28.40963855421687,15,95,Excellent
2,LTIM,LTIMindtree Ltd,2021,26.533406352683457,25,15.666936135812449,15,0.1092552026286966,20,16.17219033696773,20,37.962025316455694,15,95,Excellent
2,LTIM,LTIMindtree Ltd,2022,27.645576707726764,25,15.128882760733847,15,0.018057110862262037,20,32.05717863061026,20,48.90243902439025,15,95,Excellent
2,LTIM,LTIMindtree Ltd,2023,26.57907425265188,25,13.289937618660158,15,0.09287608486017358,20,35.34655180923289,20,44.43333333333333,15,95,Excellent
2,LTIM,LTIMindtree Ltd,2024,21.755634638196916,25,12.90931103415266,15,0.11036773428232503,20,30.32798083513346,20,31.93243243243243,15,95,Excellent
2,NAUKRI,Info Edge (India) Ltd,2022,74.71291033522793,25,810.6985525487728,20,0.0037118663728105787,20,12.342009060770032,15,1296.0,15,95,Excellent
2,TCS,Tata Consultancy Services Ltd,2018,30.401278075368854,25,21.02287496750715,20,0.002901513015694014,20,14.340869430011583,15,695.3461538461538,15,95,Excellent
2,TCS,Tata Consultancy Services Ltd,2019,35.28609440332715,25,21.549469831971216,20,0.000693155646982537,20,12.353179810852332,15,221.2979797979798,15,95,Excellent
2,TCS,Tata Consultancy Services Ltd,2020,38.56952666238737,25,20.673594607165384,20,0.09716377814231035,20,10.644395991959787,15,50.54220779220779,15,95,Excellent
2,TCS,Tata Consultancy Services Ltd,2022,43.13375739014349,25,20.051211448001087,20,0.08770571803587655,20,10.204039995433668,15,72.79974489795919,15,95,Excellent
2,TECHM,Tech Mahindra Ltd,2018,20.092341983760548,25,12.302992883371786,15,0.12720904314599585,20,34.95988471064084,20,37.82098765432099,15,95,Excellent
2,TRENT,Trent Ltd,2024,31.55982905982906,25,11.935353535353535,15,0.3935897435897436,20,36.30691600183056,20,8.043478260869565,15,95,Excellent
2,ZYDUSLIFE,ZYDUSLIFE,2022,27.166303900229426,25,30.562541363335537,20,0.24830872404259074,20,10.014359114543293,15,46.63779527559055,15,95,Excellent
3,ABB,Abbott India Ltd,2019,22.410358565737052,25,12.231584669747214,15,0.0,20,10.080781986304022,15,359.0,15,90,Excellent
3,ABB,Abbott India Ltd,2020,24.39325380501851,25,14.488150500855118,15,0.07198683669271905,20,12.3257146520954,15,96.77777777777777,15,90,Excellent
3,ABB,Abbott India Ltd,2021,26.5564950038432,25,16.03248259860789,15,0.058800922367409685,20,10.518335991975135,15,55.72222222222222,15,90,Excellent
3,ABB,Abbott India Ltd,2022,28.333333333333332,25,16.26297577854671,15,0.05390070921985816,20,11.09638963877595,15,61.31578947368421,15,90,Excellent
3,ABB,Abbott India Ltd,2023,29.767879548306148,25,17.74163395027108,15,0.03544542032622334,20,10.155044260938272,15,85.0,15,90,Excellent
3,ABB,Abbott India Ltd,2024,34.10962794660608,25,20.533424517011454,20,0.017040613462084634,20,9.716101277290168,10,141.75,15,90,Excellent
3,ASIANPAINT,Asian Paints Indian Multi-National Paint and Coating Manufacturing Company,2022,22.335650159281784,25,10.60101027456101,15,0.11490008688097307,20,14.07882883288587,15,53.68421052631579,15,90,Excellent
3,ASIANPAINT,Asian Paints Indian Multi-National Paint and Coating Manufacturing Company,2024,30.836662228140256,25,15.658543456824905,15,0.13959165557035064,20,13.029660349453076,15,41.00487804878049,15,90,Excellent
3,ATGL,Adani Total Gas Ltd,2023,18.56511390683441,20,12.47144814984011,15,0.48350901054063244,20,26.083369020953363,20,11.846153846153847,15,90,Excellent
3,ATGL,Adani Total Gas Ltd,2024,17.08003068268985,20,14.927374301675977,15,0.3725389925850166,20,21.08864867789759,20,10.504504504504505,15,90,Excellent
3,COALINDIA,Coal India Ltd,2024,38.84632576899488,25,26.25628846856468,20,0.0812499350291589,20,7.402890725901301,10,11.24178180085755,15,90,Excellent
3,DIVISLAB,Divis Laboratories Ltd,2019,19.448037947391118,20,27.355438738374442,20,0.015236452493891045,20,14.32944154477973,15,405.6,15,90,Excellent
3,DIVISLAB,Divis Laboratories Ltd,2020,18.83720930232558,20,25.528364849833146,20,0.00533515731874145,20,11.60677996581516,15,287.42857142857144,15,90,Excellent
3,EICHERMOT,Eicher Motors Ltd,2018,27.880512091038405,25,21.862799776910204,20,0.021479374110953058,20,5.6527088273162995,10,669.0,15,90,Excellent
3,EICHERMOT,Eicher Motors Ltd,2023,19.43962641761174,20,20.177260767206757,20,0.019212808539026016,20,10.00575583348986,15,155.5,15,90,Excellent
3,GODREJCP,Godrej Consumer Products Ltd,2019,32.22787945507087,25,22.70700019391119,20,0.4653914958029448,20,6.300213432374568,10,10.478991596638656,15,90,Excellent
3,HAL,Hindustan Aeronautics Ltd,2022,3324.183006535948,25,20.65800162469537,20,0.0784313725490196,20,6.523326267477558,10,98.55384615384615,15,90,Excellent
3,HAL,Hindustan Aeronautics Ltd,2023,3283.050847457627,25,21.57976827094474,20,0.2655367231638418,20,7.774821786490715,10,130.328125,15,90,Excellent
3,HCLTECH,HCL Technologies Ltd,2018,23.97075798383994,25,17.24772093575115,15,0.015308085527400648,20,14.602309452456485,15,180.81159420289856,15,90,Excellent
3,HCLTECH,HCL Technologies Ltd,2019,24.46453609244307,25,16.747480430933194,15,0.10141178745829908,20,13.455674699068654,15,85.45402298850574,15,90,Excellent
3,HCLTECH,HCL Technologies Ltd,2020,21.56748005539626,25,15.644631841077594,15,0.15577271929311254,20,14.003664887056555,15,35.45544554455446,15,90,Excellent
3,HCLTECH,HCL Technologies Ltd,2021,18.64203094487006,20,14.817124132716009,15,0.11456612087526914,20,19.343153842236195,20,41.04696673189824,15,90,Excellent
3,HCLTECH,HCL Technologies Ltd,2022,21.841586717059148,25,15.78849050215409,15,0.10244855767677746,20,12.482124171071419,15,67.69905956112852,15,90,Excellent
3,HCLTECH,HCL Technologies Ltd,2023,22.697041510587876,25,14.631958681595963,15,0.07329714853604465,20,14.941980000474619,15,67.94900849858357,15,90,Excellent
3,HCLTECH,HCL Technologies Ltd,2024,22.809437386569872,25,14.293122742532729,15,0.08407985480943739,20,12.710299978373406,15,46.46112115732369,15,90,Excellent
3,HINDUNILVR,Hindustan Unilever Ltd,2023,20.16340648854962,25,16.743149554308353,15,0.024232665394402036,20,11.252595068377769,15,103.69642857142857,15,90,Excellent
3,ICICIGI,ICICI Lombard General Insurance Company Ltd,2020,19.46527551353114,20,10.367283146652774,15,0.07906749266384089,20,22.156815510192395,20,650.6666666666666,15,90,Excellent
3,ICICIGI,ICICI Lombard General Insurance Company Ltd,2021,19.38412949072246,20,12.112490749116027,15,0.06382418739307803,20,15.050150901377556,20,842.25,15,90,Excellent
3,INFY,Infosys Ltd,2020,25.422459893048128,25,18.32670639160269,15,0.0707868601986249,20,11.23261845680139,15,147.47058823529412,15,90,Excellent
3,INFY,Infosys Ltd,2022,29.39084273390843,25,18.20603250548746,15,0.07264764432647644,20,12.175540977423328,15,168.93,15,90,Excellent
3,INFY,Infosys Ltd,2024,29.015177475874115,25,17.08075746730006,15,0.09732155687960824,20,13.199100930556229,15,87.52340425531915,15,90,Excellent
3,ITC,ITC Ltd,2018,21.88725956960579,25,26.45170199544293,20,0.0006855836983431727,20,6.563647692065455,10,163.1391304347826,15,90,Excellent
3,ITC,ITC Ltd,2019,21.70406317106576,25,26.553578816714936,20,0.00021981366564650582,20,6.485782310928911,10,290.38028169014086,15,90,Excellent
3,ITC,ITC Ltd,2022,24.822672324073334,25,25.563525434908072,20,0.003986870546793691,20,7.234668062509075,10,375.55,15,90,Excellent
3,ITC,ITC Ltd,2024,27.57021762814551,25,29.282025230717128,20,0.004039008317168443,20,7.950896846254429,10,362.9625,15,90,Excellent
3,JINDALSTEL,Jindal Steel & Power Ltd,2022,18.992280701754385,20,13.223625063518742,15,0.37900350877192984,20,18.82107580889585,20,7.243114406779661,15,90,Excellent
3,LTIM,LTIMindtree Ltd,2018,28.808290155440414,25,15.22036682179031,15,0.0,20,13.663553615808555,15,100.8125,15,90,Excellent
3,LTIM,LTIMindtree Ltd,2019,30.983036991620683,25,16.049121321194157,15,0.0,20,13.93484548578321,15,198.63636363636363,15,90,Excellent
3,NAUKRI,Info Edge (India) Ltd,2021,26.278724981467754,25,125.70921985815602,20,0.012045959970348406,20,8.562916099524465,10,150.72727272727272,15,90,Excellent
3,NESTLEIND,Nestle India Ltd,2020,103.12035661218424,25,15.595505617977528,15,0.07280832095096583,20,10.305889442764006,15,20.414634146341463,15,90,Excellent
3,NESTLEIND,Nestle India Ltd,2021,108.83864337101747,25,14.368089003459739,15,0.1366906474820144,20,10.028868653695744,15,17.07920792079208,15,90,Excellent
3,NESTLEIND,Nestle India Ltd,2022,97.23464823098821,25,14.150440906669823,15,0.11020740138267589,20,11.038888366343947,15,24.6,15,90,Excellent
3,NESTLEIND,Nestle India Ltd,2023,121.96014640097602,25,15.680225870542715,15,0.11020740138267589,20,11.114479545434808,15,38.54621848739496,15,90,Excellent
3,NESTLEIND,Nestle India Ltd,2024,98.57142857142858,25,16.12281708616873,15,0.09273182957393483,20,14.548573711802671,15,41.186206896551724,15,90,Excellent
3,PIDILITIND,Pidilite Industries Ltd,2018,27.028539451594852,25,15.893385982230997,15,0.03497481813094572,20,10.56808661335069,15,93.375,15,90,Excellent
3,PIDILITIND,Pidilite Industries Ltd,2019,22.372227579556416,25,13.111048318734106,15,0.027242044358727097,20,10.568774680198501,15,57.73076923076923,15,90,Excellent
3,PIDILITIND,Pidilite Industries Ltd,2024,20.04589787722318,25,14.108051360736493,15,0.04348823866896156,20,11.836370175898114,15,54.333333333333336,15,90,Excellent
3,SHREECEM,Shree Cement Ltd,2021,15.17828148340586,20,17.234513274336283,15,0.14483340910566994,20,19.717760896069713,20,17.99601593625498,15,90,Excellent
3,TATASTEEL,Tata Steel Ltd,2022,36.48016916718366,25,17.113121467131773,15,0.6602500808262629,15,16.785302798093515,20,11.861955327718784,15,90,Excellent
3,TCS,Tata Consultancy Services Ltd,2023,46.7829337344068,25,18.763139919630266,15,0.08502167566132886,20,12.864846978115496,15,80.49807445442876,15,90,Excellent
3,TCS,Tata Consultancy Services Ltd,2024,45.4199714271639,25,19.136712150207767,15,0.08912754322873048,20,10.463614801716602,15,87.09511568123393,15,90,Excellent
3,TECHM,Tech Mahindra Ltd,2019,21.143702243036728,25,12.345288123884636,15,0.09839783090953907,20,13.06551195018606,15,51.16541353383459,15,90,Excellent
3,VEDL,VEDL,2018,21.6262319939348,25,14.904317157599111,15,0.9186094263330806,15,101.74185666916911,20,6.057120500782473,15,90,Excellent
4,BAJAJHLDNG,Bajaj Holdings & Investment Ltd,2024,12.311318389248282,12,432.7262044653349,20,0.0007856510037945271,20,31.612293448969165,20,3764.5,15,87,Excellent
5,ADANIPORTS,Adani Ports & Special Economic Zone Ltd,2018,17.652968473424867,20,32.588536606906295,20,1.0701813136870306,10,25.918201916791972,20,5.067131095630145,15,85,Excellent
5,ADANIPORTS,Adani Ports & Special Economic Zone Ltd,2019,16.596914492040046,20,37.02517162471396,20,1.1370425077958313,10,17.732092499981555,20,5.693140794223827,15,85,Excellent
5,ASIANPAINT,Asian Paints Indian Multi-National Paint and Coating Manufacturing Company,2018,24.94649227110583,25,12.469539375928678,15,0.0633769322235434,20,9.880359579270825,10,86.34146341463415,15,85,Excellent
5,ASIANPAINT,Asian Paints Indian Multi-National Paint and Coating Manufacturing Company,2019,23.3132720937599,25,11.476091476091476,15,0.13937282229965156,20,9.503190332299205,10,36.71818181818182,15,85,Excellent
5,ASIANPAINT,Asian Paints Indian Multi-National Paint and Coating Manufacturing Company,2020,27.38400789733465,25,13.725199148978279,15,0.11036525172754195,20,8.221620138866225,10,44.23529411764706,15,85,Excellent
5,ASIANPAINT,Asian Paints Indian Multi-National Paint and Coating Manufacturing Company,2021,25.042948617835393,25,14.769953484087875,15,0.0853506168983289,20,8.755964741976374,10,56.391304347826086,15,85,Excellent
5,BAJAJ-AUTO,Bajaj Auto Ltd,2019,21.211208195239532,25,16.2329534224916,15,0.005380278052769767,20,8.556461167034568,10,1806.5,15,85,Excellent
5,BAJAJ-AUTO,Bajaj Auto Ltd,2020,24.06056689133044,25,17.42036832781844,15,0.005816637429600221,20,6.737929244588159,10,2313.6666666666665,15,85,Excellent
5,BAJAJ-AUTO,Bajaj Auto Ltd,2022,20.650390167118793,25,18.60310755770101,15,0.004119360996684417,20,8.785694118186104,10,881.1111111111111,15,85,Excellent
5,BAJAJ-AUTO,Bajaj Auto Ltd,2023,20.638921054424088,25,16.62323412426279,15,0.004223145562291397,20,7.655655927728322,10,204.2,15,85,Excellent
5,BAJAJ-AUTO,Bajaj Auto Ltd,2024,24.881371251492947,25,17.178515712057056,15,0.16930824106652895,20,8.127604751021389,10,174.41666666666666,15,85,Excellent
5,BEL,Bharat Electronics Ltd,2019,3851.020408163265,25,15.512989148306477,15,0.9591836734693877,15,13.290217628332757,15,186.375,15,85,Excellent
5,BEL,Bharat Electronics Ltd,2020,3318.181818181818,25,14.073103022825418,15,0.8,15,12.825848528166572,15,357.25,15,85,Excellent
5,BEL,Bharat Electronics Ltd,2021,3559.322033898305,25,14.88411652136934,15,0.8305084745762712,15,13.918569182308293,15,333.9,15,85,Excellent
5,BEL,Bharat Electronics Ltd,2022,3478.260869565217,25,15.616866215512754,15,0.8405797101449275,15,12.165687034629169,15,397.3333333333333,15,85,Excellent
5,BEL,Bharat Electronics Ltd,2023,3981.333333333333,25,16.837712867937295,15,0.52,15,11.261861446362742,15,230.05263157894737,15,85,Excellent
5,BEL,Bharat Electronics Ltd,2024,4379.120879120879,25,19.661535425300965,15,0.8571428571428571,15,10.7508063318833,15,476.75,15,85,Excellent
5,BRITANNIA,Britannia Industries Ltd,2018,29.47739283617146,25,10.127092999798265,15,0.05901350557839107,20,9.89598908908318,10,208.375,15,85,Excellent
5,BRITANNIA,Britannia Industries Ltd,2019,27.157300728897248,25,10.44776119402985,15,0.03667999059487421,20,9.844530773501937,10,215.33333333333334,15,85,Excellent
5,BRITANNIA,Britannia Industries Ltd,2020,31.66023166023166,25,12.017241379310345,15,0.3493072904837611,20,8.100870936901284,10,27.350649350649352,15,85,Excellent
5,BRITANNIA,Britannia Industries Ltd,2023,65.53480475382003,25,14.207717317955954,15,0.8480475382003395,15,10.456954960245657,15,20.284023668639055,15,85,Excellent
5,COALINDIA,Coal India Ltd,2019,66.01398601398601,25,17.536601530335588,15,0.08353808353808354,20,7.119583581673816,10,12.787795680493657,15,85,Excellent
5,COALINDIA,Coal India Ltd,2020,51.93270516528283,25,17.38134887593672,15,0.20008085331343098,20,5.326952047804134,10,11.56455617628802,15,85,Excellent
5,COALINDIA,Coal India Ltd,2022,40.27999907285075,25,15.839219796746114,15,0.08145006142363767,20,7.016771822811507,10,21.99120538023797,15,85,Excellent
5,DABUR,Dabur India Ltd,2022,20.782629444046766,25,15.997795940857745,15,0.12288236697685516,20,7.417496175488059,10,65.64102564102564,15,85,Excellent
5,DMART,Avenue Supermarts Ltd,2018,17.262797172842152,20,5.361537949843678,10,0.09402441636324695,20,35.09330802455233,20,24.016666666666666,15,85,Excellent
5,DRREDDY,Dr Reddys Laboratories Ltd,2023,19.35497723954307,20,18.269152817186868,15,0.05784591600103066,20,11.553218790860885,15,52.03496503496503,15,85,Excellent
5,DRREDDY,Dr Reddys Laboratories Ltd,2024,18.140427330970113,20,19.913605369319196,15,0.15785879215584248,20,12.639644349571988,15,51.707602339181285,15,85,Excellent
5,EICHERMOT,Eicher Motors Ltd,2017,31.18802619270346,25,23.702545144319636,20,0.02095416276894294,20,1.9360854633053037,5,647.5,15,85,Excellent
5,EICHERMOT,Eicher Motors Ltd,2019,24.702848172235928,25,22.486475451668877,20,0.020968827091276072,20,2.314270842467936,5,515.0,15,85,Excellent
5,GAIL,GAIL (India) Ltd,2022,19.19081635836167,20,13.262908267758974,15,0.14374395607823565,20,13.825636214501213,15,89.53465346534654,15,85,Excellent
5,HAL,Hindustan Aeronautics Ltd,2018,1528.4615384615386,25,10.729521032453155,15,0.023076923076923078,20,5.265580983334939,10,120.6,15,85,Excellent
5,HAL,Hindustan Aeronautics Ltd,2019,1763.9097744360904,25,11.72530987604958,15,0.06015037593984962,20,5.741203899167258,10,27.937853107344633,15,85,Excellent
5,HAL,Hindustan Aeronautics Ltd,2020,2059.4202898550725,25,13.252506411750991,15,0.014492753623188406,20,6.394570467831362,10,14.749303621169917,15,85,Excellent
5,HAL,Hindustan Aeronautics Ltd,2021,2249.3055555555557,25,14.155231186085132,15,0.041666666666666664,20,6.4276221411801115,10,21.352059925093634,15,85,Excellent
5,HAL,Hindustan Aeronautics Ltd,2024,3669.0821256038644,25,24.999177117277245,20,0.5990338164251208,15,8.712548590236358,10,270.8837209302326,15,85,Excellent
5,HAVELLS,Havells India Ltd,2022,19.923371647509576,20,8.58085808580858,10,0.10261535898717308,20,17.85499591111963,20,28.865671641791046,15,85,Excellent
5,HAVELLS,Havells India Ltd,2023,16.178690009055238,20,6.3390692448702035,10,0.03365529731361304,20,15.815170331561879,20,32.70909090909091,15,85,Excellent
5,HDFCLIFE,HDFC Life Insurance Company Ltd,2018,23.52816153028693,25,3.4314941103533787,5,0.0,20,18.068979210389813,20,110.59929078014184,15,85,Excellent
5,HDFCLIFE,HDFC Life Insurance Company Ltd,2019,22.651542006380716,25,3.289151975292755,5,0.0,20,17.748548170832045,20,276.7867647058824,15,85,Excellent
5,HEROMOTOCO,Hero MotoCorp Ltd,2019,26.417682926829265,25,10.202820052397634,15,0.02378048780487805,20,6.092194646194393,10,39.08367071524966,15,85,Excellent
5,HINDUNILVR,Hindustan Unilever Ltd,2018,71.78958934212334,25,14.705303136868759,15,0.0,20,5.65014169432414,10,79.5099150141643,15,85,Excellent
5,HINDUNILVR,Hindustan Unilever Ltd,2019,77.03063429515699,25,15.41592470109387,15,0.01258421253336723,20,6.10185094777882,10,94.57453416149069,15,85,Excellent
5,HINDUNILVR,Hindustan Unilever Ltd,2024,20.249724279187017,25,16.611735814915342,15,0.03251536158815188,20,9.504485244074123,10,57.847001223990205,15,85,Excellent
5,ICICIGI,ICICI Lombard General Insurance Company Ltd,2023,16.554959785522787,20,9.672186171402998,10,0.003351206434316354,20,20.929796850443783,20,16.769929364278507,15,85,Excellent
5,INDIGO,Interglobe Aviation Ltd,2018,2242.0,25,9.738934016767299,10,0.54,15,20.126535651014454,20,21.123548046462513,15,85,Excellent
5,INFY,Infosys Ltd,2021,25.43909051616875,25,19.331754120550997,15,0.06974368377624393,20,9.980335337542012,10,154.30769230769232,15,85,Excellent
5,IRCTC,Indian Railway Catering & Tourism Corporation Ltd,2022,35.294117647058826,25,35.125066524747204,20,0.05614973262032086,20,4.3317851665537255,5,86.0,15,85,Excellent
5,ITC,ITC Ltd,2020,23.88889740015014,25,31.57244674819794,20,0.004243714859130115,20,4.934885839116165,5,268.65432098765433,15,85,Excellent
5,ITC,ITC Ltd,2021,22.17674449434106,25,27.16974237164261,20,0.004490695477819941,20,4.677684227502499,5,338.6551724137931,15,85,Excellent
5,JSWSTEEL,JSW Steel Ltd,2022,31.112828209281247,25,14.304746158733629,15,1.0734059467732588,10,21.35838854644947,20,8.19524959742351,15,85,Excellent
5,ONGC,Oil & Natural Gas Corpn Ltd,2019,15.644389537831781,20,8.049352029296244,10,0.4966579697050716,20,19.34791444347761,20,14.457084118554052,15,85,Excellent
5,ONGC,Oil & Natural Gas Corpn Ltd,2022,18.995541477362497,20,10.03448374134344,15,0.4700754904567577,20,11.700282175161902,15,15.216116573033707,15,85,Excellent
5,PIDILITIND,Pidilite Industries Ltd,2020,25.179533213644522,25,15.382506169454347,15,0.06463195691202872,20,8.53063022135454,10,49.205882352941174,15,85,Excellent
5,PIDILITIND,Pidilite Industries Ltd,2021,20.132308242445916,25,15.439462498286026,15,0.059181119256213124,20,6.348674480278693,10,47.567567567567565,15,85,Excellent
5,PIDILITIND,Pidilite Industries Ltd,2022,18.847595252966894,20,12.166112287067836,15,0.06495940037476577,20,12.049572817433262,15,45.11904761904762,15,85,Excellent
5,PIDILITIND,Pidilite Industries Ltd,2023,17.872989462007766,20,10.924654631748453,15,0.05421519689406545,20,14.187062591288724,15,42.520833333333336,15,85,Excellent
5,POWERGRID,Power Grid Corporation of India Ltd,2022,22.065130431361236,25,40.420931238287444,20,1.7665744226002336,10,10.125553461447634,15,5.042060726729717,15,85,Excellent
5,SHREECEM,Shree Cement Ltd,2018,15.55580532763853,20,14.075053391640393,15,0.3824884792626728,20,12.65991200677763,15,21.2,15,85,Excellent
5,SIEMENS,Siemens Ltd,2016,42.83404380420402,25,26.889360524130296,20,0.003674849331177422,20,-1.9445135419174697,5,379.72727272727275,15,85,Excellent
5,SIEMENS,Siemens Ltd,2024,17.698769290877124,20,12.221223021582734,15,0.018167610861496385,20,11.193358902067896,15,67.15,15,85,Excellent
5,SUNPHARMA,Sun Pharmaceuticals Industries Ltd,2023,15.20314313778016,20,19.39798569019733,15,0.12297526564871863,20,10.62469519395506,15,70.40116279069767,15,85,Excellent
5,TCS,Tata Consultancy Services Ltd,2021,37.67311096456215,25,19.833472410873632,15,0.09018546157139055,20,8.607474456825258,10,76.0784929356358,15,85,Excellent
5,TECHM,Tech Mahindra Ltd,2020,17.865493054600467,20,10.570142128675274,15,0.16824829230275523,20,10.262429096201808,15,34.869791666666664,15,85,Excellent
5,TECHM,Tech Mahindra Ltd,2022,20.940266309603512,25,12.610312234018725,15,0.09737409804359146,20,8.906956332092818,10,56.04294478527607,15,85,Excellent
5,TITAN,Titan Company Ltd,2019,22.8830313014827,25,7.022599726983164,10,0.3942339373970346,20,12.600592944675014,15,40.9811320754717,15,85,Excellent
5,TITAN,Titan Company Ltd,2022,23.6267870579383,25,7.632209451717073,10,0.782005804579168,15,16.777783146243497,20,16.15137614678899,15,85,Excellent
5,TITAN,Titan Company Ltd,2023,27.626360644671337,25,8.069008009858287,10,0.7903974348156274,15,20.275922953840663,20,17.293333333333333,15,85,Excellent
5,TORNTPHARM,Torrent Pharmaceuticals Ltd,2023,20.087124878993222,25,12.941787941787942,15,0.8662471765085511,15,10.08588072171932,15,8.66966966966967,15,85,Excellent
5,TORNTPHARM,Torrent Pharmaceuticals Ltd,2024,22.068230277185503,25,15.436241610738255,15,0.4168443496801706,20,6.932744476678732,10,9.926553672316384,15,85,Excellent
5,VEDL,VEDL,2022,36.26324885673646,25,17.863062411475756,15,0.8195249529694263,15,12.942557443960201,15,9.726078799249532,15,85,Excellent
5,ZYDUSLIFE,ZYDUSLIFE,2018,20.699908508691674,25,15.203695926081478,15,0.6183668801463861,15,13.365726422520918,15,32.32967032967033,15,85,Excellent
5,ZYDUSLIFE,ZYDUSLIFE,2024,18.20389461626575,20,20.32536962193687,20,0.00870561282932417,20,8.224416370673238,10,70.08641975308642,15,85,Excellent
6,ADANIPORTS,Adani Ports & Special Economic Zone Ltd,2024,14.173779208059326,12,30.339560480700833,20,0.882975374282916,15,19.57867595245697,20,5.949506037321624,15,82,Excellent
6,ADANIPOWER,Adani Power Ltd,2023,35.90507430713616,25,27.666159440848016,20,1.4175257731958764,10,13.812394373753722,15,4.2927414517096585,12,82,Excellent
6,AMBUJACEM,Ambuja Cements Ltd,2018,13.29012069736254,12,11.416612265273992,15,0.001788109074653554,20,23.237521356132795,20,24.958823529411763,15,82,Excellent
6,AMBUJACEM,Ambuja Cements Ltd,2019,11.558268959215882,12,10.267857142857142,15,0.0017027992358169283,20,22.179522882798295,20,30.576470588235296,15,82,Excellent
6,DIVISLAB,Divis Laboratories Ltd,2018,14.801687763713081,12,22.539193009509123,20,0.010632911392405063,20,12.648856319282388,15,688.0,15,82,Excellent
6,DIVISLAB,Divis Laboratories Ltd,2023,14.286833241951907,12,23.483970645036695,20,0.0003133077465340331,20,14.82551842034332,15,1357.0,15,82,Excellent
6,ICICIGI,ICICI Lombard General Insurance Company Ltd,2018,18.982602950891874,20,12.471064814814815,15,0.1068046685752037,20,11.493246356113973,15,4.569789674952199,12,82,Excellent
6,LT,Larsen & Toubro Ltd,2024,73.76986951364175,25,7.031246466738726,10,0.11036773428232503,20,10.335347989682408,15,3.5441547518923464,12,82,Excellent
6,SHREECEM,Shree Cement Ltd,2020,11.72450451818665,12,11.998756605533105,15,0.2388943731490622,20,15.505115875457598,20,13.862542955326461,15,82,Excellent
6,ULTRACEMCO,ULTRACEMCO,2022,14.54120072963756,12,13.94323085990228,15,0.22402648901578237,20,15.694919255660356,20,12.892063492063492,15,82,Excellent
7,ABB,Abbott India Ltd,2017,19.971160778658977,20,9.541853255253187,10,0.0,20,11.921838734412127,15,227.5,15,80,Excellent
7,APOLLOHOSP,Apollo Hospitals Chain of Indian private hospitals,2022,19.704783923172684,20,7.556434563186251,10,0.723457229237062,15,15.107895036926532,20,6.746701846965699,15,80,Excellent
7,ATGL,Adani Total Gas Ltd,2020,29.63970088375255,25,23.253333333333334,20,0.2909585316111489,20,,0,15.585365853658537,15,80,Excellent
7,ATGL,Adani Total Gas Ltd,2021,23.94002068252327,25,27.299528301886795,20,0.27352637021716647,20,,0,18.35,15,80,Excellent
7,BAJAJ-AUTO,Bajaj Auto Ltd,2018,20.656058751529986,25,16.735422451408173,15,0.005924112607099143,20,4.712870280520165,5,6250.0,15,80,Excellent
7,BAJFINANCE,Bajaj Finance Ltd,2024,16.648042118359964,20,26.287928399912687,20,3.7351013213829014,5,24.352642739542006,20,2689.1666666666665,15,80,Excellent
7,BEL,Bharat Electronics Ltd,2018,4616.129032258064,25,13.758292471877704,15,1.5483870967741935,10,10.641985771580508,15,372.5,15,80,Excellent
7,BOSCHLTD,Bosch Ltd,2024,19.547809703250117,20,14.886112273569676,15,0.0024336630554247134,20,6.717165240230294,10,71.7843137254902,15,80,Excellent
7,BRITANNIA,Britannia Industries Ltd,2021,52.17023675310034,25,14.091047503045068,15,0.5980834272829764,15,9.362340796469915,10,25.423423423423422,15,80,Excellent
7,BRITANNIA,Britannia Industries Ltd,2022,59.26505082095387,25,10.724391624221845,15,0.9698983580922595,15,9.319392415225236,10,16.82638888888889,15,80,Excellent
7,BRITANNIA,Britannia Industries Ltd,2024,66.47975077881621,25,12.725863199952292,15,0.8579439252336448,15,8.690023727476138,10,20.597560975609756,15,80,Excellent
7,CHOLAFIN,Cholamandalam Investment & Finance Company Ltd,2022,18.302319653326535,20,21.225857311785575,20,5.87764465969921,5,16.672223519677342,20,35.17857142857143,15,80,Excellent
7,CHOLAFIN,Cholamandalam Investment & Finance Company Ltd,2023,18.576606719643106,20,20.684570009313877,20,6.786421302105117,5,18.30709988146173,20,16.581818181818182,15,80,Excellent
7,COALINDIA,Coal India Ltd,2013,35.80623865324311,25,25.41030408620412,20,0.026922759531275788,20,,0,5.740630712979891,15,80,Excellent
7,COALINDIA,Coal India Ltd,2014,35.63814734459013,25,21.402673917969636,20,0.0041977171964908975,20,,0,7.374389733575115,15,80,Excellent
7,COALINDIA,Coal India Ltd,2021,34.78284681526918,25,14.109257325661476,15,0.16112602004490936,20,2.9460281504197328,5,19.085783003741316,15,80,Excellent
7,DABUR,Dabur India Ltd,2018,23.79950928846828,25,17.586117586117584,15,0.16438836312653346,20,4.691708009656703,5,36.0,15,80,Excellent
7,DABUR,Dabur India Ltd,2019,25.67471590909091,25,16.981796829125074,15,0.12411221590909091,20,3.8246796218349033,5,32.7,15,80,Excellent
7,DABUR,Dabur India Ltd,2020,21.91946715107478,25,16.672423719055843,15,0.07901907356948229,20,2.185845018699095,5,39.94,15,80,Excellent
7,DABUR,Dabur India Ltd,2021,22.116388308977037,25,17.72641706755909,15,0.06641440501043841,20,4.21106361296264,5,75.06451612903226,15,80,Excellent
7,DABUR,Dabur India Ltd,2023,18.956870611835505,20,14.752818733738074,15,0.13083695531037556,20,8.347751250887736,10,33.42307692307692,15,80,Excellent
7,DABUR,Dabur India Ltd,2024,17.477320980505695,20,14.600128990648178,15,0.1690793283149971,20,7.814065037783324,10,23.241935483870968,15,80,Excellent
7,DIVISLAB,Divis Laboratories Ltd,2013,24.070371851259495,25,28.065268065268068,20,0.013194722111155539,20,,0,287.0,15,80,Excellent
7,DIVISLAB,Divis Laboratories Ltd,2014,26.07962213225371,25,30.529225908372826,20,0.006072874493927126,20,,0,362.0,15,80,Excellent
7,DIVISLAB,Divis Laboratories Ltd,2015,24.37070938215103,25,27.351524879614768,20,0.007723112128146453,20,,0,403.6666666666667,15,80,Excellent
7,DIVISLAB,Divis Laboratories Ltd,2016,26.22874446773818,25,29.81991525423729,20,0.009783368273934312,20,,0,303.2,15,80,Excellent
7,DMART,Avenue Supermarts Ltd,2019,16.144621442634687,20,4.508872781804548,5,0.12529085376767496,20,33.68025160547021,20,35.765957446808514,15,80,Excellent
7,EICHERMOT,Eicher Motors Ltd,2016,36.627429509991785,25,21.675036449052325,20,0.006296194908294552,20,,0,1008.0,15,80,Excellent
7,GODREJCP,Godrej Consumer Products Ltd,2018,26.110578459571748,25,16.593886462882097,15,0.5605624800255673,15,8.958743119932766,10,13.68208092485549,15,80,Excellent
7,GODREJCP,Godrej Consumer Products Ltd,2021,18.23286365081047,20,15.604315894460061,15,0.1974785464561924,20,5.53671105641147,10,17.55072463768116,15,80,Excellent
7,GODREJCP,Godrej Consumer Products Ltd,2022,15.429214260989962,20,14.524275008145976,15,0.1474558670820353,20,5.78258385485102,10,20.385245901639344,15,80,Excellent
7,HAVELLS,Havells India Ltd,2021,20.166119374154917,25,9.983742947308023,10,0.10063743480780375,20,6.607388064296771,10,19.733333333333334,15,80,Excellent
7,HAVELLS,Havells India Ltd,2024,16.307415960995638,20,6.837009144701453,10,0.042596869386707724,20,13.037907939063121,15,25.357142857142858,15,80,Excellent
7,HCLTECH,HCL Technologies Ltd,2014,33.39130434782609,25,20.3086112493778,20,0.05207161125319693,20,,0,76.42105263157895,15,80,Excellent
7,HCLTECH,HCL Technologies Ltd,2015,30.30878467635403,25,20.004904498515028,20,0.026750330250990752,20,,0,105.62637362637362,15,80,Excellent
7,HDFCLIFE,HDFC Life Insurance Company Ltd,2021,15.752314814814813,20,1.9027513700928307,5,0.06944444444444445,20,31.571847111711104,20,157.9685393258427,15,80,Excellent
7,HEROMOTOCO,Hero MotoCorp Ltd,2020,25.39913924753575,25,12.50769125589663,15,0.031445231153685964,20,1.2163267615447948,5,17.571827057182706,15,80,Excellent
7,HINDUNILVR,Hindustan Unilever Ltd,2020,82.09989063069631,25,16.982128044642185,15,0.0,20,4.468544770055072,5,70.62971698113208,15,80,Excellent
7,HINDUNILVR,Hindustan Unilever Ltd,2021,16.778537567646936,20,17.00901590541805,15,0.0,20,7.879245537212842,10,208.39411764705883,15,80,Excellent
7,HINDUNILVR,Hindustan Unilever Ltd,2022,18.12437577709382,20,16.954581855622926,15,0.02125924869040582,20,9.600953176013682,10,180.88584474885846,15,80,Excellent
7,ICICIPRULI,ICICI Prudential Life Insurance Company Ltd,2018,24.627319744447824,25,4.169241862381541,5,0.0,20,14.16249374118479,15,280.81060606060606,15,80,Excellent
7,INDIGO,Interglobe Aviation Ltd,2019,120.93023255813952,25,0.547426044846826,5,0.6821705426356589,15,20.715297032769932,20,21.620377358490565,15,80,Excellent
7,INFY,Infosys Ltd,2013,24.81707638048113,25,23.366871530531323,20,0.0,20,,0,2780.6,15,80,Excellent
7,INFY,Infosys Ltd,2014,23.92993487536492,25,21.255460475136136,20,0.0,20,,0,1783.7777777777778,15,80,Excellent
7,INFY,Infosys Ltd,2015,24.385052034058656,25,23.20373600405109,20,0.0,20,,0,1526.0833333333333,15,80,Excellent
7,INFY,Infosys Ltd,2018,24.689247262141308,25,22.729077451008195,20,0.0,20,11.81289987999634,15,,0,80,Excellent
7,ITC,ITC Ltd,2013,33.26712151308403,25,24.36586754380416,20,0.0044045254339753,20,,0,111.78703703703704,15,80,Excellent
7,ITC,ITC Ltd,2014,33.04695818188493,25,25.49425026907608,20,0.00888497264750156,20,,0,484.3448275862069,15,80,Excellent
7,ITC,ITC Ltd,2015,30.813587093521555,25,25.192570265605273,20,0.008476178472397277,20,,0,170.12087912087912,15,80,Excellent
7,ITC,ITC Ltd,2016,22.261012183692596,25,24.242192284139623,20,0.0019681349578256793,20,,0,205.30769230769232,15,80,Excellent
7,ITC,ITC Ltd,2017,22.57341693060134,25,24.497287691732136,20,0.0009911016310085537,20,,0,351.61224489795916,15,80,Excellent
7,LTIM,LTIMindtree Ltd,2014,61.86335403726708,25,20.243902439024392,20,0.06832298136645963,20,,0,44.0,15,80,Excellent
7,MARUTI,Maruti Suzuki India Ltd,2018,18.517822317253696,20,9.874826147426981,10,0.002843111915223572,20,12.492038326904996,15,41.2514450867052,15,80,Excellent
7,MARUTI,Maruti Suzuki India Ltd,2019,16.24692092075087,20,8.889482734581959,10,0.00339760468869447,20,14.081283722609971,15,180.52631578947367,15,80,Excellent
7,MARUTI,Maruti Suzuki India Ltd,2024,15.133631039202927,20,9.50809964894472,10,0.0017727711330027152,20,10.510215112642584,15,117.90721649484536,15,80,Excellent
7,NAUKRI,Info Edge (India) Ltd,2024,1.423853737915191,5,23.462145110410095,20,0.006126160620273763,20,17.115610089960743,20,28.97142857142857,15,80,Excellent
7,NESTLEIND,Nestle India Ltd,2018,43.75170160631636,25,14.231314204746722,15,0.00952899537163082,20,4.40861889926385,5,25.6875,15,80,Excellent
7,NESTLEIND,Nestle India Ltd,2019,102.60688216892598,25,15.910744603444094,15,0.09854014598540146,20,4.649122770208569,5,24.5968992248062,15,80,Excellent
7,SBILIFE,SBI Life Insurance Company Ltd,2018,17.61642156862745,20,3.3756017377010687,5,0.0,20,18.034002454357513,20,248.0,15,80,Excellent
7,SBILIFE,SBI Life Insurance Company Ltd,2019,17.51583949313622,20,2.9750695004932295,5,0.0,20,20.914022283789848,20,217.5,15,80,Excellent
7,SUNPHARMA,Sun Pharmaceuticals Industries Ltd,2013,23.142094729819878,25,31.165214266463032,20,0.01734489659773182,20,,0,109.16279069767442,15,80,Excellent
7,SUNPHARMA,Sun Pharmaceuticals Industries Ltd,2014,20.939271255060728,25,24.12313432835821,20,0.13824561403508773,20,,0,114.43181818181819,15,80,Excellent
7,SUNPHARMA,Sun Pharmaceuticals Industries Ltd,2017,21.413755458515286,25,24.846412059028438,20,0.2683406113537118,20,,0,26.78,15,80,Excellent
7,TCS,Tata Consultancy Services Ltd,2013,36.51740777253152,25,22.346758957913288,20,0.008613085663882115,20,,0,400.375,15,80,Excellent
7,TCS,Tata Consultancy Services Ltd,2014,39.29667649151337,25,23.630651884267014,20,0.006037198902327472,20,,0,686.9230769230769,15,80,Excellent
7,TCS,Tata Consultancy Services Ltd,2015,39.616865804285574,25,21.194320006761895,20,0.007070208353905401,20,,0,271.1730769230769,15,80,Excellent
7,TCS,Tata Consultancy Services Ltd,2016,34.2441467807294,25,22.401192864900686,20,0.0034472084646555608,20,,0,1023.060606060606,15,80,Excellent
7,TCS,Tata Consultancy Services Ltd,2017,30.571600900085834,25,22.342878456504415,20,0.003352123785000116,20,,0,1141.625,15,80,Excellent
7,TECHM,Tech Mahindra Ltd,2021,17.506535290569072,20,11.499141460837405,15,0.11667001809772773,20,7.397740303281619,10,43.58620689655172,15,80,Excellent
7,TECHM,Tech Mahindra Ltd,2023,17.3936398796734,20,9.11428035278664,10,0.09812347801174617,20,11.607961702305758,15,26.773006134969325,15,80,Excellent
7,TITAN,Titan Company Ltd,2018,21.650294695481335,25,6.836228287841191,10,0.33222003929273086,20,9.75167577733258,10,32.339622641509436,15,80,Excellent
7,TITAN,Titan Company Ltd,2020,22.38716449242765,25,7.091962758882767,10,0.5341130604288499,15,12.060987161710424,15,15.759036144578314,15,80,Excellent
7,TORNTPHARM,Torrent Pharmaceuticals Ltd,2020,21.24792703150912,25,12.910945962967629,15,1.199004975124378,10,11.358782714354444,15,5.0798226164079825,15,80,Excellent
7,VEDL,VEDL,2021,24.136934390956675,25,17.07774281137456,15,0.9259931275891968,15,6.494311982679424,10,5.769865642994242,15,80,Excellent
7,WIPRO,WIPRO,2018,16.69831201619129,20,14.687907207223741,15,0.29004527719239676,20,7.798970660561544,10,22.19039451114923,15,80,Excellent
7,WIPRO,WIPRO,2019,15.98284387572444,20,15.27982514105627,15,0.176293355546497,20,6.329165183804464,10,19.27777777777778,15,80,Excellent
7,WIPRO,WIPRO,2020,17.663858862658614,20,15.983512708953516,15,0.17577094103611582,20,5.422491572990795,10,20.559345156889496,15,80,Excellent
7,WIPRO,WIPRO,2022,18.719324801614604,20,15.436503933830947,15,0.2689937770438665,20,7.421349294259794,10,35.24624060150376,15,80,Excellent
7,ZYDUSLIFE,ZYDUSLIFE,2016,34.462186348482184,25,20.83377532619073,20,0.4284962274083173,20,,0,46.113207547169814,15,80,Excellent
7,ZYDUSLIFE,ZYDUSLIFE,2019,18.284228769497403,20,14.42351511468935,15,0.7605430387059503,15,12.75484769930275,15,16.36082474226804,15,80,Excellent
7,ZYDUSLIFE,ZYDUSLIFE,2021,16.81804187192118,20,15.169397389613994,15,0.35467980295566504,20,8.84836780453444,10,19.87421383647799,15,80,Excellent
8,ADANIPORTS,Adani Ports & Special Economic Zone Ltd,2021,16.586183108307875,20,40.23107569721115,20,1.1778522387569397,10,12.038437201046982,15,4.725055432372505,12,77,Good
8,DIVISLAB,Divis Laboratories Ltd,2024,11.66435809579354,12,20.395156150414277,20,0.000583217904789677,20,9.664930361854074,10,636.25,15,77,Good
8,DMART,Avenue Supermarts Ltd,2020,11.74187725631769,12,5.231202251708886,10,0.030054151624548737,20,31.03022055295439,20,31.71014492753623,15,77,Good
8,DMART,Avenue Supermarts Ltd,2023,14.790396815524318,12,5.550887021475257,10,0.039992536385122526,20,23.29934256671533,20,56.223880597014926,15,77,Good
8,ICICIGI,ICICI Lombard General Insurance Company Ltd,2022,13.8257369737844,12,7.93086234868339,10,0.02773849668225824,20,16.337964135790962,20,18.561186650185412,15,77,Good
8,LT,Larsen & Toubro Ltd,2023,75.52434908389586,25,6.834805089968965,10,0.09287608486017358,20,8.904399787286167,10,3.1823186871360507,12,77,Good
8,POWERGRID,Power Grid Corporation of India Ltd,2018,15.073678021533826,20,27.388662616011217,20,2.416179767023114,5,18.021947290818474,20,4.099672310212998,12,77,Good
8,POWERGRID,Power Grid Corporation of India Ltd,2019,16.981164006837144,20,28.62032573661542,20,2.477212340706392,5,17.648366565269136,20,3.253405058944718,12,77,Good
8,POWERGRID,Power Grid Corporation of India Ltd,2020,17.0937925064919,20,29.300021195421788,20,2.2917954742178805,5,16.56379190364099,20,3.75496897675886,12,77,Good
8,SHREECEM,Shree Cement Ltd,2019,10.495295212490953,12,8.084428514536041,10,0.2898355909419915,20,17.04694867780463,20,11.556451612903226,15,77,Good
8,SHREECEM,Shree Cement Ltd,2023,12.711955355226442,12,13.270221823885278,15,0.14622236531444516,20,12.66789173934042,15,13.0,15,77,Good
8,SUNPHARMA,Sun Pharmaceuticals Industries Ltd,2024,13.90436229472618,12,19.815658700538176,15,0.03721334008536497,20,10.78116321985565,15,58.331932773109244,15,77,Good
8,ULTRACEMCO,ULTRACEMCO,2021,12.364459535936616,12,12.212136117694406,15,0.49165817770232034,20,12.200309196155557,15,8.20121130551817,15,77,Good
8,WIPRO,WIPRO,2023,14.634083535046608,12,12.560781540093712,15,0.2248931348818046,20,10.677570810288572,15,18.96230158730159,15,77,Good
9,ABB,Abbott India Ltd,2018,23.685764914353218,25,12.15888417222559,15,0.0,20,,0,160.5,15,75,Good
9,ASIANPAINT,Asian Paints Indian Multi-National Paint and Coating Manufacturing Company,2013,34.2789598108747,25,11.043412033511043,15,0.0741725768321513,20,,0,44.07142857142857,15,75,Good
9,ASIANPAINT,Asian Paints Indian Multi-National Paint and Coating Manufacturing Company,2014,31.27011636543699,25,10.335515548281506,15,0.06164892300074276,20,,0,44.333333333333336,15,75,Good
9,ASIANPAINT,Asian Paints Indian Multi-National Paint and Coating Manufacturing Company,2015,30.09278785322649,25,10.481087036356959,15,0.08814846056516237,20,,0,56.785714285714285,15,75,Good
9,ASIANPAINT,Asian Paints Indian Multi-National Paint and Coating Manufacturing Company,2016,27.632183908045977,25,12.634013033424427,15,0.04950191570881226,20,,0,59.95918367346939,15,75,Good
9,ASIANPAINT,Asian Paints Indian Multi-National Paint and Coating Manufacturing Company,2017,26.512361914781696,25,13.384676669764971,15,0.07364544976328248,20,,0,90.05405405405405,15,75,Good
9,ATGL,Adani Total Gas Ltd,2019,20.780399274047188,25,13.321698662012798,15,0.35753176043557167,20,,0,5.711111111111111,15,75,Good
9,ATGL,Adani Total Gas Ltd,2022,21.06788079470199,25,16.754443712969056,15,0.4283940397350993,20,,0,15.452830188679245,15,75,Good
9,BAJAJ-AUTO,Bajaj Auto Ltd,2013,38.84686918784873,25,15.645443196004994,15,0.014383137011779294,20,,0,4446.0,15,75,Good
9,BAJAJ-AUTO,Bajaj Auto Ltd,2014,33.24481164551982,25,16.785022595222724,15,0.0058030884233303826,20,,0,4837.0,15,75,Good
9,BAJAJ-AUTO,Bajaj Auto Ltd,2015,27.273546642631818,25,14.012502894188469,15,0.010094637223974764,20,,0,726.0,15,75,Good
9,BAJAJ-AUTO,Bajaj Auto Ltd,2016,28.96576319543509,25,17.989722689820148,15,0.008416547788873038,20,,0,5987.0,15,75,Good
9,BAJAJ-AUTO,Bajaj Auto Ltd,2017,22.843862007168457,25,18.7497127097219,15,0.006720430107526882,20,,0,5897.0,15,75,Good
9,BAJAJ-AUTO,Bajaj Auto Ltd,2021,17.808821911780882,20,17.508381096571863,15,0.0044366223004436624,20,4.208397713725631,5,929.7142857142857,15,75,Good
9,BAJFINANCE,Bajaj Finance Ltd,2020,16.283098243009157,20,19.959050580116784,15,4.015280871071517,5,37.36788880500222,20,1020.8888888888889,15,75,Good
9,BHEL,Bharat Heavy Electricals Limited,2013,21.90906412648532,25,13.686276915526655,15,0.08831712985695113,20,,0,82.9296875,15,75,Good
9,BOSCHLTD,Bosch Ltd,2017,19.786339356745085,20,16.684235745088642,15,0.0,20,3.8018139072513613,5,106.48148148148148,15,75,Good
9,BPCL,Bharat Petroleum Corporation Ltd,2024,34.832961560408776,25,5.994201967046283,10,0.763604295274161,15,8.483226324685255,10,11.355507351168956,15,75,Good
9,CHOLAFIN,Cholamandalam Investment & Finance Company Ltd,2019,19.281572164948454,20,16.840180078784467,15,8.145457474226804,5,16.735030332037514,20,1659.0,15,75,Good
9,CHOLAFIN,Cholamandalam Investment & Finance Company Ltd,2021,15.84375,20,15.871856412396953,15,6.638541666666667,5,17.858630778154506,20,52.410714285714285,15,75,Good
9,CHOLAFIN,Cholamandalam Investment & Finance Company Ltd,2024,15.973097940311053,20,17.846892448990243,15,7.376722245574705,5,21.939164804975263,20,21.211764705882352,15,75,Good
9,COALINDIA,Coal India Ltd,2015,34.01729735087849,25,18.519967620075555,15,0.010110772433276337,20,,0,8.645357686453577,15,75,Good
9,COALINDIA,Coal India Ltd,2016,40.95828668216921,25,18.323679377351947,15,0.034421382022794475,20,,0,9.963125105236571,15,75,Good
9,COALINDIA,Coal India Ltd,2017,37.84974304592544,25,11.872473261347935,15,0.12293009217717596,20,,0,12.364936042136945,15,75,Good
9,COALINDIA,Coal India Ltd,2018,34.87957181088314,25,8.25629956360565,10,0.07622162751511548,20,4.530928548191615,5,15.269748743718592,15,75,Good
9,DABUR,Dabur India Ltd,2014,34.48795180722892,25,12.978180787758573,15,0.26656626506024095,20,,0,23.85185185185185,15,75,Good
9,DABUR,Dabur India Ltd,2015,31.84257602862254,25,13.701090442591404,15,0.21884317233154443,20,,0,36.85,15,75,Good
9,DABUR,Dabur India Ltd,2016,30.064732678014867,25,16.118251928020566,15,0.19299928074802206,20,,0,36.145833333333336,15,75,Good
9,DABUR,Dabur India Ltd,2017,26.408087476789767,25,16.811137378513266,15,0.20115535382710956,20,,0,33.48148148148148,15,75,Good
9,DIVISLAB,Divis Laboratories Ltd,2017,19.787194325182007,20,26.08267716535433,20,0.006720179204778794,20,,0,507.3333333333333,15,75,Good
9,DRREDDY,Dr Reddys Laboratories Ltd,2015,23.708515173043743,25,15.549490780802769,15,0.4378361920227342,20,,0,34.888888888888886,15,75,Good
9,GAIL,GAIL (India) Ltd,2020,19.31273849151579,20,13.120880333158663,15,0.14029390273605585,20,3.6707625976484692,5,41.48220064724919,15,75,Good
9,GODREJCP,Godrej Consumer Products Ltd,2020,18.95416561154723,20,15.104429421854505,15,0.45264623955431754,20,3.6790216415082178,5,9.587719298245615,15,75,Good
9,HAL,Hindustan Aeronautics Ltd,2016,1664.9999999999998,25,11.92266380236305,15,0.15,20,,0,679.3333333333334,15,75,Good
9,HAL,Hindustan Aeronautics Ltd,2017,1966.9172932330828,25,14.573816155988858,15,0.015037593984962405,20,,0,267.5,15,75,Good
9,HAVELLS,Havells India Ltd,2016,42.94681202510737,25,17.118777982617857,15,0.04426825239511067,20,,0,19.175824175824175,15,75,Good
9,HCLTECH,HCL Technologies Ltd,2013,30.689759951382555,25,15.792971345920801,15,0.07930720145852324,20,,0,56.716981132075475,15,75,Good
9,HCLTECH,HCL Technologies Ltd,2016,20.451973275893543,25,17.992034943473794,15,0.03979409295023913,20,,0,101.6891891891892,15,75,Good
9,HCLTECH,HCL Technologies Ltd,2017,26.119153843819237,25,18.091994618230743,15,0.01766366202312665,20,,0,128.75280898876406,15,75,Good
9,HEROMOTOCO,Hero MotoCorp Ltd,2016,35.22752999773602,25,10.935797870471237,15,0.026262168892913742,20,,0,57.12351543942993,15,75,Good
9,HEROMOTOCO,Hero MotoCorp Ltd,2017,34.373788290034895,25,12.394267738552953,15,0.025300504071345483,20,,0,28.965060240963854,15,75,Good
9,HEROMOTOCO,Hero MotoCorp Ltd,2018,31.089208152355496,25,11.467126748413333,15,0.019044437019712663,20,,0,48.12056737588652,15,75,Good
9,HINDALCO,Hindalco Industries Ltd,2022,17.559565678914453,20,7.038895923797416,10,0.8247240731030425,15,14.254555528747236,15,133.06225059856345,15,75,Good
9,HINDUNILVR,Hindustan Unilever Ltd,2013,133.99650959860384,25,14.216412383350615,15,0.008726003490401396,20,,0,20.302760463045413,15,75,Good
9,HINDUNILVR,Hindustan Unilever Ltd,2014,111.84619734238055,25,13.532188547581583,15,0.013005371783997738,20,,0,30.9229797979798,15,75,Good
9,HINDUNILVR,Hindustan Unilever Ltd,2015,108.66650111745717,25,13.68697610409108,15,0.010677924012912838,20,,0,21.312750601443465,15,75,Good
9,HINDUNILVR,Hindustan Unilever Ltd,2016,63.15228966986155,25,12.896911700739452,15,0.026928343222272933,20,,0,54.10288065843621,15,75,Good
9,HINDUNILVR,Hindustan Unilever Ltd,2017,66.57769869513642,25,13.539593510644716,15,0.041073546856465006,20,,0,44.31188118811881,15,75,Good
9,ICICIGI,ICICI Lombard General Insurance Company Ltd,2014,21.72096908939014,25,11.948529411764707,15,0.0,20,,0,5.597307221542228,15,75,Good
9,ICICIPRULI,ICICI Prudential Life Insurance Company Ltd,2019,16.57691747926066,20,2.747027470274703,5,0.0,20,13.629456216771342,15,50.33579335793358,15,75,Good
9,INDIGO,Interglobe Aviation Ltd,2016,1534.775888717156,25,12.304832713754648,15,0.061823802163833076,20,,0,25.23495145631068,15,75,Good
9,INFY,Infosys Ltd,2019,23.726673646609594,25,18.639250075597218,15,0.0,20,10.522347793403108,15,,0,75,Good
9,IOC,Indian Oil Corporation,2024,23.79773496686259,25,5.559462717942377,10,0.9009461530827167,15,8.008755667240486,10,10.282324578099226,15,75,Good
9,IRCTC,Indian Railway Catering & Tourism Corporation Ltd,2017,29.09783989834816,25,15.06578947368421,15,0.0,20,,0,127.0,15,75,Good
9,IRCTC,Indian Railway Catering & Tourism Corporation Ltd,2018,23.141361256544503,25,15.075034106412005,15,0.0,20,,0,124.33333333333333,15,75,Good
9,IRCTC,Indian Railway Catering & Tourism Corporation Ltd,2019,28.851540616246496,25,16.524064171122994,15,0.0,20,,0,254.5,15,75,Good
9,LICI,Life Insurance Corporation of India,2024,41.906244558927455,25,4.836600998148862,5,0.00010242018906766902,20,8.15986061977938,10,371.9375,15,75,Good
9,LTIM,LTIMindtree Ltd,2013,41.97162061239731,25,14.593612048818489,15,0.17475728155339806,20,,0,42.476190476190474,15,75,Good
9,LTIM,LTIMindtree Ltd,2015,37.95656465942744,25,15.447971072719968,15,0.10760118460019744,20,,0,110.4,15,75,Good
9,LTIM,LTIMindtree Ltd,2016,39.34117647058824,25,14.300376325692781,15,0.02588235294117647,20,,0,202.5,15,75,Good
9,LTIM,LTIMindtree Ltd,2017,30.884223918575067,25,14.936163667128133,15,0.0,20,,0,472.3333333333333,15,75,Good
9,MARUTI,Maruti Suzuki India Ltd,2017,20.258934592043158,25,11.031798487185137,15,0.013054619015509103,20,,0,144.04494382022472,15,75,Good
9,MOTHERSON,Samvardhana Motherson International Ltd,2018,22.865236746256574,25,4.013995701827612,5,1.0495750708215297,10,17.35161467491404,20,12.781021897810218,15,75,Good
9,NESTLEIND,Nestle India Ltd,2014,41.76947479732112,25,12.02435312024353,15,0.007049700387733521,20,,0,151.85714285714286,15,75,Good
9,NESTLEIND,Nestle India Ltd,2016,30.499695307739184,25,10.95066185318893,15,0.010054844606946984,20,,0,21.86813186813187,15,75,Good
9,NESTLEIND,Nestle India Ltd,2017,35.8187134502924,25,12.237762237762238,15,0.01023391812865497,20,,0,24.717391304347824,15,75,Good
9,PIDILITIND,Pidilite Industries Ltd,2013,25.681405208964264,25,11.52800435019032,15,0.06723198061780739,20,,0,41.5625,15,75,Good
9,PIDILITIND,Pidilite Industries Ltd,2014,23.05327868852459,25,10.506654214335747,15,0.0235655737704918,20,,0,44.375,15,75,Good
9,PIDILITIND,Pidilite Industries Ltd,2015,22.643171806167402,25,10.611065235342693,15,0.02555066079295154,20,,0,50.6875,15,75,Good
9,PIDILITIND,Pidilite Industries Ltd,2016,30.591357088703564,25,15.05316172355904,15,0.030326004548900682,20,,0,96.46153846153847,15,75,Good
9,PIDILITIND,Pidilite Industries Ltd,2017,24.863151829443964,25,15.364073348762686,15,0.028233938346297897,20,,0,98.35714285714286,15,75,Good
9,SHREECEM,Shree Cement Ltd,2013,26.11862643080125,25,18.530823181985973,15,0.3350676378772112,20,,0,9.05699481865285,15,75,Good
9,SHREECEM,Shree Cement Ltd,2016,16.695880806310253,20,20.729053318824807,20,0.1286882851300029,20,,0,27.36842105263158,15,75,Good
9,SIEMENS,Siemens Ltd,2015,22.94313074066836,25,11.114266780270757,15,0.004885675200312683,20,,0,64.7,15,75,Good
9,SUNPHARMA,Sun Pharmaceuticals Industries Ltd,2015,21.358920352601608,25,19.99123831775701,15,0.35088540447772837,20,,0,14.122625215889464,15,75,Good
9,TECHM,Tech Mahindra Ltd,2013,24.087725764835973,25,19.01644114651535,15,0.25433099889421307,20,,0,12.436893203883495,15,75,Good
9,TECHM,Tech Mahindra Ltd,2014,33.34785449793073,25,16.28550154238911,15,0.03953387061642344,20,,0,55.2,15,75,Good
9,TECHM,Tech Mahindra Ltd,2015,21.70966688438929,25,11.754564342867248,15,0.057152188112344876,20,,0,62.30434782608695,15,75,Good
9,TECHM,Tech Mahindra Ltd,2016,20.745665136042764,25,11.425228353589493,15,0.07477211979987664,20,,0,48.58762886597938,15,75,Good
9,TITAN,Titan Company Ltd,2024,35.90797041906327,25,6.843630099444054,10,2.2235004108463436,5,20.897163953120245,20,9.411954765751211,15,75,Good
9,TORNTPHARM,Torrent Pharmaceuticals Ltd,2013,30.590717299578056,25,13.581017795816422,15,0.4873417721518987,20,,0,20.529411764705884,15,75,Good
9,TORNTPHARM,Torrent Pharmaceuticals Ltd,2016,49.59931310818546,25,25.915956333183786,20,0.6731539782484258,15,,0,15.027173913043478,15,75,Good
9,TORNTPHARM,Torrent Pharmaceuticals Ltd,2021,21.44570058239123,25,15.640224859462837,15,0.8348749571771155,15,3.663532160847671,5,7.186968838526912,15,75,Good
9,UNITDSPR,UNITDSPR,2023,18.76979496582764,20,10.610629476064833,15,0.030505084180696782,20,4.315946864267861,5,16.01923076923077,15,75,Good
9,UNITDSPR,UNITDSPR,2024,18.448637316561843,20,12.437063863616288,15,0.06787211740041929,20,3.919795554934913,5,29.05263157894737,15,75,Good
9,WIPRO,WIPRO,2013,23.272097575666315,25,16.516163505209725,15,0.240212317422075,20,,0,31.47750865051903,15,75,Good
9,WIPRO,WIPRO,2014,24.871611316878834,25,18.40226602800295,15,0.16057144635687384,20,,0,30.174934725848566,15,75,Good
9,WIPRO,WIPRO,2015,23.492936482260326,25,18.559775084662732,15,0.2127412919227866,20,,0,36.425714285714285,15,75,Good
9,WIPRO,WIPRO,2021,19.795632137848127,20,17.547428755953824,15,0.190360831314548,20,3.862464582829861,5,33.7426326129666,15,75,Good
10,ADANIPORTS,Adani Ports & Special Economic Zone Ltd,2022,11.843332297171278,12,28.93276476429698,20,1.1461944955883407,10,15.196021711535357,20,4.465408805031447,12,74,Good
10,GRASIM,Grasim Industries Ltd,2022,14.803365962562253,12,11.709386526786554,15,0.9873842454986196,15,21.551097071912075,20,4.622906197654942,12,74,Good
11,BAJAJFINSV,Bajaj Finserv Ltd,2018,20.387638529512277,25,12.707686689793682,15,3.2072938534394377,5,32.47248687895197,20,2.3811520635621277,8,73,Good
11,BAJAJFINSV,Bajaj Finserv Ltd,2019,22.636899747262003,25,12.61354301138364,15,4.201937657961246,5,47.886844128078664,20,2.259125732311852,8,73,Good
11,BAJAJFINSV,Bajaj Finserv Ltd,2021,20.56098241696902,25,12.158370742012146,15,3.585291655037678,5,24.16310828398638,20,2.1171015742937245,8,73,Good
11,BAJAJFINSV,Bajaj Finserv Ltd,2022,20.657440306109773,25,12.153904628248984,15,4.004745695331329,5,22.789380725671737,20,2.2289957420292867,8,73,Good
11,BAJAJFINSV,Bajaj Finserv Ltd,2023,26.310685887904846,25,14.877181011794521,15,4.573986683043507,5,20.088164014065278,20,2.4126817447495963,8,73,Good
11,BAJAJFINSV,Bajaj Finserv Ltd,2024,22.824734723746797,25,14.128209309488865,15,4.66410537870472,5,20.97274568418761,20,2.197130112323319,8,73,Good
11,BAJFINANCE,Bajaj Finance Ltd,2023,21.16530567203708,25,27.7897177078554,20,3.985323328183624,5,26.57512378511282,20,-2546.4,3,73,Good
11,HDFCBANK,HDFC Bank Ltd,2018,16.935373497933377,20,21.76273332708001,20,8.620671721457313,5,18.91950885967244,20,1.840194307778539,8,73,Good
11,HDFCBANK,HDFC Bank Ltd,2020,15.477608047267491,20,22.339163099788035,20,7.558721464294219,5,19.251293469323972,20,1.8276860002411672,8,73,Good
11,HDFCBANK,HDFC Bank Ltd,2021,15.183737667413375,20,24.78141141328023,20,7.20374624660407,5,15.272202925687562,20,1.9196575567994731,8,73,Good
11,ICICIGI,ICICI Lombard General Insurance Company Ltd,2019,19.425925925925927,20,9.39711547075159,10,0.08981481481481482,20,20.73089151460985,20,-4754.5,3,73,Good
11,LT,Larsen & Toubro Ltd,2018,207.3575129533679,25,6.687666585897746,10,0.0,20,9.966792462191098,10,2.7969924812030076,8,73,Good
11,LT,Larsen & Toubro Ltd,2019,208.80850194154914,25,7.555834935660405,10,0.0,20,9.715816069123928,10,2.737659278295321,8,73,Good
11,LT,Larsen & Toubro Ltd,2020,201.59141376757955,25,7.489756070731238,10,0.1687638786084382,20,9.610821400775805,10,2.501406405952273,8,73,Good
11,LT,Larsen & Toubro Ltd,2021,176.90306681270536,25,9.502202545981364,10,0.1092552026286966,20,6.102407546773847,10,2.6868936170212767,8,73,Good
11,LT,Larsen & Toubro Ltd,2022,72.92133258678611,25,6.656614767347513,10,0.018057110862262037,20,7.443699790639524,10,2.8887926367081755,8,73,Good
11,PFC,Power Finance Corporation Ltd,2019,26.824558052672902,25,23.361549550881602,20,11.448993017975,5,20.37545004533472,20,0.5162734282496317,3,73,Good
11,PFC,Power Finance Corporation Ltd,2021,25.86272154294272,25,21.932566707602994,20,10.855925090921058,5,20.795615816250113,20,0.4457300152179751,3,73,Good
11,PFC,Power Finance Corporation Ltd,2022,26.18449690272895,25,24.60989745876059,20,9.214744126346336,5,22.557427499151792,20,0.523764790087007,3,73,Good
12,AMBUJACEM,Ambuja Cements Ltd,2021,14.636743709079436,12,12.812014500258934,15,0.01881359943204228,20,7.587403635446233,10,44.26027397260274,15,72,Good
12,APOLLOHOSP,Apollo Hospitals Chain of Indian private hospitals,2023,13.617295901903839,12,5.080664579821816,10,0.6989351403678606,15,15.04488770509953,20,5.616797900262467,15,72,Good
12,BAJAJHLDNG,Bajaj Holdings & Investment Ltd,2020,11.093901955840508,12,708.0459770114943,20,0.006051219248640277,20,-3.654464709185068,5,258.38461538461536,15,72,Good
12,BAJAJHLDNG,Bajaj Holdings & Investment Ltd,2023,11.194604137431535,12,947.5095785440614,20,0.0021049296093431716,20,4.444179509050206,5,721.8571428571429,15,72,Good
12,BOSCHLTD,Bosch Ltd,2018,13.736098587315901,12,11.72797262617622,15,0.0,20,5.947772982224109,10,837.0,15,72,Good
12,CIPLA,Cipla Ltd,2021,13.036123540325221,12,12.468684759916492,15,0.10989850485648806,20,6.798769202186472,10,56.12406015037594,15,72,Good
12,CIPLA,Cipla Ltd,2022,12.221102634230602,12,11.703349722005237,15,0.05066935367784655,20,8.6194133222254,10,174.06060606060606,15,72,Good
12,CIPLA,Cipla Ltd,2023,12.103216986371597,12,12.45110534874522,15,0.03430597684453369,20,8.465298065352634,10,60.57337883959045,15,72,Good
12,CIPLA,Cipla Ltd,2024,14.645841413108625,12,16.11701714906495,15,0.01625356979162994,20,9.513860126378049,10,35.33876811594203,15,72,Good
12,DMART,Avenue Supermarts Ltd,2022,10.908027489399034,12,4.8166322314049586,5,0.04730223716917678,20,21.09055625089784,20,48.44444444444444,15,72,Good
12,DMART,Avenue Supermarts Ltd,2024,12.59310755785083,12,4.993207190533383,5,0.03540570066540868,20,20.48312440202782,20,73.29310344827586,15,72,Good
12,DRREDDY,Dr Reddys Laboratories Ltd,2022,11.35748490526754,12,10.127639823624971,15,0.17613991255465333,20,8.70164128647819,10,45.03125,15,72,Good
12,EICHERMOT,Eicher Motors Ltd,2021,11.776534359153699,12,15.447247706422019,15,0.01914670396922539,20,7.152927696267497,10,141.5625,15,72,Good
12,EICHERMOT,Eicher Motors Ltd,2022,13.301078680203046,12,16.284715478733737,15,0.008565989847715736,20,7.925098579405265,10,140.73684210526315,15,72,Good
12,GAIL,GAIL (India) Ltd,2024,11.816153396413274,12,7.433122166511544,10,0.23424691858869573,20,11.825154521824267,15,23.624478442280946,15,72,Good
12,GODREJCP,Godrej Consumer Products Ltd,2023,12.338697984630999,12,12.781616100931211,15,0.08191967522111063,20,6.221876592916709,10,13.601063829787234,15,72,Good
12,HDFCLIFE,HDFC Life Insurance Company Ltd,2023,10.528746247979681,12,1.9485236514877435,5,0.07311629338874778,20,16.82699621683943,20,48.80097425191371,15,72,Good
12,HDFCLIFE,HDFC Life Insurance Company Ltd,2024,10.087157139195078,12,1.5510139729213062,5,0.060881825173032554,20,21.16813430936688,20,192.2895238095238,15,72,Good
12,ICICIGI,ICICI Lombard General Insurance Company Ltd,2015,20.27027027027027,25,13.816721776098253,15,0.0,20,,0,4.486895161290323,12,72,Good
12,ICICIGI,ICICI Lombard General Insurance Company Ltd,2024,14.084403669724772,12,9.366915605017816,10,0.0,20,12.911841003362579,15,160.02678571428572,15,72,Good
12,ICICIPRULI,ICICI Prudential Life Insurance Company Ltd,2021,10.495114721703809,12,1.1492871053833762,5,0.1317378416950269,20,31.883002459782304,20,50.07309766327142,15,72,Good
12,IRCTC,Indian Railway Catering & Tourism Corporation Ltd,2021,12.843406593406591,12,24.066924066924066,20,0.05425824175824176,20,-10.683745846400194,5,39.0,15,72,Good
12,JSWSTEEL,JSW Steel Ltd,2018,21.83370240731481,25,8.49818581179709,10,1.4069933566683335,10,13.488074366619983,15,3.982437179140773,12,72,Good
12,JSWSTEEL,JSW Steel Ltd,2019,21.623796522488863,25,8.877142890852673,10,1.3621497341572064,10,10.597981401367097,15,4.882818483533316,12,72,Good
12,NHPC,NHPC Ltd,2023,11.5283677389681,12,40.17158480248892,20,0.7992208003030221,15,6.463846578139609,10,14.583157894736843,15,72,Good
12,POWERGRID,Power Grid Corporation of India Ltd,2021,17.210020590253947,20,30.363269424823407,20,2.0480439258750858,5,13.929005368889612,15,4.385371850030731,12,72,Good
12,POWERGRID,Power Grid Corporation of India Ltd,2023,18.57249536289837,20,33.81356489704624,20,1.5487196781731023,10,8.769646643204698,10,4.22140336308906,12,72,Good
12,POWERGRID,Power Grid Corporation of India Ltd,2024,16.915957897481018,20,33.97028990249329,20,1.331378107993613,10,5.510261937513361,10,4.60298643565485,12,72,Good
12,RELIANCE,Reliance Industries Ltd,2023,10.349336194179966,12,8.45371270521545,10,0.6309284341334763,15,17.5287330506158,20,7.886055899034285,15,72,Good
12,SBILIFE,SBI Life Insurance Company Ltd,2023,13.220156706099248,12,2.1342824544868297,5,0.0,20,18.80547842049878,20,198.4,15,72,Good
12,SBILIFE,SBI Life Insurance Company Ltd,2024,11.648932898702258,12,1.4349789374791648,5,0.0,20,24.231614182367544,20,240.33333333333334,15,72,Good
12,SIEMENS,Siemens Ltd,2023,14.991976770841292,12,10.03375268487266,15,0.01337204859784519,20,8.852664484885441,10,129.69565217391303,15,72,Good
12,ULTRACEMCO,ULTRACEMCO,2024,11.413672288763953,12,9.877587860326056,10,0.27644422716532224,20,11.329176790681373,15,13.983471074380166,15,72,Good
12,WIPRO,WIPRO,2024,13.655131734172238,12,12.379679144385026,15,0.2369494691309477,20,8.747228996316725,10,15.444621513944224,15,72,Good
12,ZYDUSLIFE,ZYDUSLIFE,2023,11.943366065311716,12,12.136682717410222,15,0.06822333866179493,20,7.682828934874331,10,26.446153846153845,15,72,Good
13,ABB,Abbott India Ltd,2016,21.338912133891213,25,9.755164498852334,10,0.0,20,,0,138.33333333333334,15,70,Good
13,ADANIPORTS,Adani Ports & Special Economic Zone Ltd,2013,25.633406318423525,25,45.820519988817445,20,1.817328745699093,10,,0,5.029520295202952,15,70,Good
13,ADANIPORTS,Adani Ports & Special Economic Zone Ltd,2017,22.264064817984707,25,46.23770588932338,20,1.2674883030925481,10,,0,5.784050179211469,15,70,Good
13,AMBUJACEM,Ambuja Cements Ltd,2015,29.442118586310972,25,7.766391863779952,10,0.0034076526141563626,20,,0,28.55897435897436,15,70,Good
13,AMBUJACEM,Ambuja Cements Ltd,2017,9.408862229102168,5,8.238383667245541,10,0.0011609907120743034,20,19.350297077682033,20,20.354368932038835,15,70,Good
13,BOSCHLTD,Bosch Ltd,2012,17.19002332675399,20,11.063633213996997,15,0.041270410909743406,20,,0,286.5,15,70,Good
13,BOSCHLTD,Bosch Ltd,2015,18.211514904042467,20,11.070660268078768,15,0.015108207431604737,20,,0,179.85714285714286,15,70,Good
13,BOSCHLTD,Bosch Ltd,2016,16.056633455689564,20,15.781878156891041,15,0.005243838489774515,20,,0,192.3846153846154,15,70,Good
13,BOSCHLTD,Bosch Ltd,2019,17.508491289580366,20,13.223003723624327,15,0.0,20,,0,211.84615384615384,15,70,Good
13,BPCL,Bharat Petroleum Corporation Ltd,2022,22.50650226375108,25,3.3685995311297003,5,1.243309893073885,10,11.497711669326293,15,9.23867996930161,15,70,Good
13,BRITANNIA,Britannia Industries Ltd,2014,49.49874686716792,25,5.713872414291914,10,0.18796992481203006,20,,0,82.625,15,70,Good
13,BRITANNIA,Britannia Industries Ltd,2015,55.34136546184739,25,8.768134385339781,10,0.11646586345381527,20,,0,274.5,15,70,Good
13,BRITANNIA,Britannia Industries Ltd,2016,39.4359464627151,25,9.824937477670597,10,0.06261950286806883,20,,0,267.8,15,70,Good
13,BRITANNIA,Britannia Industries Ltd,2017,32.826409495548965,25,9.774685222001326,10,0.046364985163204746,20,,0,285.8,15,70,Good
13,CIPLA,Cipla Ltd,2013,17.130502272979268,20,18.661674115231307,15,0.10721809513249805,20,,0,24.86530612244898,15,70,Good
13,DABUR,Dabur India Ltd,2013,36.563245823389025,25,12.47557003257329,15,0.5494033412887828,15,,0,18.508474576271187,15,70,Good
13,DRREDDY,Dr Reddys Laboratories Ltd,2013,23.97550635892605,25,12.904588861658075,15,0.5781127335531481,15,,0,28.15,15,70,Good
13,DRREDDY,Dr Reddys Laboratories Ltd,2014,24.958677685950413,25,14.632873648900485,15,0.5692307692307692,15,,0,26.937007874015748,15,70,Good
13,DRREDDY,Dr Reddys Laboratories Ltd,2016,16.95441164770467,20,13.688335046248715,15,0.2666878828864667,20,,0,46.74698795180723,15,70,Good
13,EICHERMOT,Eicher Motors Ltd,2012,27.065527065527068,25,7.433489827856025,10,0.013105413105413105,20,,0,171.5,15,70,Good
13,EICHERMOT,Eicher Motors Ltd,2013,25.547445255474454,25,7.709251101321586,10,0.040875912408759124,20,,0,101.0,15,70,Good
13,EICHERMOT,Eicher Motors Ltd,2014,27.90143084260731,25,8.033875028610666,10,0.023052464228934817,20,,0,122.3,15,70,Good
13,EICHERMOT,Eicher Motors Ltd,2020,18.30477908025248,20,19.958488092637097,15,0.024947400060114217,20,,0,145.0,15,70,Good
13,GODREJCP,Godrej Consumer Products Ltd,2013,25.505584062782976,25,13.178415470991892,15,0.7413220645940235,15,,0,13.666666666666666,15,70,Good
13,GODREJCP,Godrej Consumer Products Ltd,2014,21.695364238410598,25,10.777733912356888,15,0.6286092715231788,15,,0,10.258333333333333,15,70,Good
13,GODREJCP,Godrej Consumer Products Ltd,2015,22.639758756668986,25,11.797413272089932,15,0.6302482022732545,15,,0,12.964285714285714,15,70,Good
13,GODREJCP,Godrej Consumer Products Ltd,2017,24.669935873255376,25,14.113077255071213,15,0.7546208977744248,15,,0,12.876623376623376,15,70,Good
13,GRASIM,Grasim Industries Ltd,2013,19.219616421630974,20,13.536851911569745,15,0.48583201912804597,20,,0,20.82716049382716,15,70,Good
13,HAVELLS,Havells India Ltd,2018,17.721179624664877,20,8.144406111384919,10,0.030831099195710455,20,2.609982178791892,5,45.2,15,70,Good
13,HAVELLS,Havells India Ltd,2019,18.770843258694615,20,7.822892881961679,10,0.022391615054787994,20,4.583169988804903,5,82.0625,15,70,Good
13,HAVELLS,Havells India Ltd,2020,17.045454545454543,20,7.786016949152542,10,0.016697588126159554,20,2.197019236923814,5,23.019607843137255,15,70,Good
13,HEROMOTOCO,Hero MotoCorp Ltd,2014,37.38218033078428,25,8.316518298714143,10,0.050506846878890274,20,,0,50.54883720930233,15,70,Good
13,HEROMOTOCO,Hero MotoCorp Ltd,2015,36.14678899082569,25,8.584501416224853,10,0.01529051987767584,20,,0,73.94153846153846,15,70,Good
13,HEROMOTOCO,Hero MotoCorp Ltd,2021,19.045147898287492,20,9.483510449303918,10,0.03788271925272444,20,1.6996742986216562,5,48.67088607594937,15,70,Good
13,HEROMOTOCO,Hero MotoCorp Ltd,2023,16.810758885686838,20,8.197201241290474,10,0.034101825168107586,20,1.0262274293043383,5,53.03703703703704,15,70,Good
13,HEROMOTOCO,Hero MotoCorp Ltd,2024,19.683341223502183,20,9.902352536452407,10,0.030929461890484455,20,2.1530677970544643,5,47.268505079825836,15,70,Good
13,ICICIPRULI,ICICI Prudential Life Insurance Company Ltd,2013,38.24791719262812,25,7.5655430711610485,10,0.0,20,,0,21.426666666666666,15,70,Good
13,ICICIPRULI,ICICI Prudential Life Insurance Company Ltd,2014,35.614875655943415,25,7.131761695906433,10,0.0,20,,0,158.06976744186048,15,70,Good
13,INDIGO,Interglobe Aviation Ltd,2015,4939.39393939394,25,9.364452423698385,10,0.15151515151515152,20,,0,30.470886075949366,15,70,Good
13,IOC,Indian Oil Corporation,2022,19.266110008611975,20,4.365532536597202,5,0.9886546598270116,15,10.645060661942974,15,9.550788412174551,15,70,Good
13,JSWSTEEL,JSW Steel Ltd,2021,16.835600034214355,20,9.861095454602388,10,1.3341886921563595,10,13.955994183906961,15,5.218852666161233,15,70,Good
13,MOTHERSON,Samvardhana Motherson International Ltd,2019,19.13709750980571,20,3.3027407395746424,5,1.0520842834990423,10,15.870129339266658,20,13.430260047281324,15,70,Good
13,NESTLEIND,Nestle India Ltd,2013,47.170608108108105,25,12.27337655202725,15,0.5021114864864865,15,,0,55.270270270270274,15,70,Good
13,ONGC,Oil & Natural Gas Corpn Ltd,2013,15.730882198678275,20,14.812574081390755,15,0.1356210007342914,20,,0,101.21694214876032,15,70,Good
13,ONGC,Oil & Natural Gas Corpn Ltd,2014,15.489218829871277,20,15.314063208917936,15,0.285288582183187,20,,0,90.22435897435898,15,70,Good
13,ONGC,Oil & Natural Gas Corpn Ltd,2017,15.005710287777926,20,10.325090440557014,15,0.41170145998168595,20,,0,18.247841826789195,15,70,Good
13,ONGC,Oil & Natural Gas Corpn Ltd,2024,16.209165540655622,20,9.655290194725701,10,0.5435766274171389,15,7.001683761214439,10,11.361290955463998,15,70,Good
13,RELIANCE,Reliance Industries Ltd,2022,8.703823678454365,5,9.76646566082171,10,0.40944726325715053,20,17.976229281293964,20,8.789152495885903,15,70,Good
13,SHREECEM,Shree Cement Ltd,2014,16.705582678836763,20,13.770778652668417,15,0.25472298874973465,20,,0,11.581395348837209,15,70,Good
13,SHREECEM,Shree Cement Ltd,2017,17.394128345024683,20,15.580637654177332,15,0.16796570537802027,20,,0,22.286821705426355,15,70,Good
13,SIEMENS,Siemens Ltd,2011,22.746331236897273,25,7.26056043496445,10,0.0,20,,0,56.53846153846154,15,70,Good
13,SUNPHARMA,Sun Pharmaceuticals Industries Ltd,2016,17.154291604766094,20,19.861691297784954,15,0.25761756056150137,20,,0,15.548757170172085,15,70,Good
13,SUNPHARMA,Sun Pharmaceuticals Industries Ltd,2018,6.634650519392389,5,9.596436256559326,10,0.2710497468288354,20,18.934068669904768,20,10.61003861003861,15,70,Good
13,SUNPHARMA,Sun Pharmaceuticals Industries Ltd,2019,7.747108116593012,5,11.036950388770386,15,0.25390615566664254,20,12.569268760264052,15,11.025225225225226,15,70,Good
13,TATACONSUM,Tata Consumer Products Ltd,2023,8.109602506604412,5,9.577015163607342,10,0.09829821220126558,20,15.126573553688294,20,16.8,15,70,Good
13,TATACONSUM,Tata Consumer Products Ltd,2024,6.350616767719004,5,7.9902669998684726,10,0.15445327200501777,20,15.96086282879563,20,25.32183908045977,15,70,Good
13,TATAMOTORS,Tata Motors Ltd,2024,31.472759296273573,25,7.263066074788551,10,1.0542934040489995,10,7.7201595386239275,10,6.530242339274985,15,70,Good
13,TATASTEEL,Tata Steel Ltd,2018,29.148527213287117,25,14.396060008600475,15,1.5138078888140494,10,-1.7629247393143754,5,5.926856095325389,15,70,Good
13,TITAN,Titan Company Ltd,2013,36.80203045685279,25,7.161908525140769,10,0.0,20,,0,21.823529411764707,15,70,Good
13,TITAN,Titan Company Ltd,2014,29.131985731272298,25,6.726457399103139,10,0.31985731272294887,20,,0,13.379310344827585,15,70,Good
13,TITAN,Titan Company Ltd,2015,26.459143968871597,25,6.849660035255603,10,0.0324254215304799,20,,0,15.061728395061728,15,70,Good
13,TORNTPHARM,Torrent Pharmaceuticals Ltd,2014,34.8922753547031,25,15.915627996164908,15,0.5948502364687336,15,,0,16.76271186440678,15,70,Good
13,TORNTPHARM,Torrent Pharmaceuticals Ltd,2017,21.466329579407034,25,16.059147180192575,15,0.5768788784187543,15,,0,7.766990291262136,15,70,Good
13,ULTRACEMCO,ULTRACEMCO,2013,17.650535163175523,20,13.10324656332261,15,0.4821065073215576,20,,0,20.408730158730158,15,70,Good
13,ULTRACEMCO,ULTRACEMCO,2023,9.3382420616659,5,8.021821631878558,10,0.20355269213069488,20,15.34131363243958,20,13.520048602673148,15,70,Good
13,UNITDSPR,UNITDSPR,2019,22.135922330097088,25,7.322556471469864,10,0.933009708737864,15,-2.3269697664245026,5,6.177215189873418,15,70,Good
13,UNITDSPR,UNITDSPR,2022,16.37391479911165,20,8.350494233937397,10,0.12214819301433474,20,1.9501140254200244,5,16.795454545454547,15,70,Good
13,WIPRO,WIPRO,2016,19.410553689457146,20,17.47911950667395,15,0.2713620110521183,20,,0,24.27956989247312,15,70,Good
13,WIPRO,WIPRO,2017,16.485388039481325,20,15.362141105179628,15,0.27561447648538806,20,,0,23.474747474747474,15,70,Good
13,ZYDUSLIFE,ZYDUSLIFE,2013,23.4375,25,10.85246932997798,15,0.9911684782608695,15,,0,6.875739644970414,15,70,Good
13,ZYDUSLIFE,ZYDUSLIFE,2014,24.30939226519337,25,11.572535991140642,15,0.7851119511485897,15,,0,13.7,15,70,Good
13,ZYDUSLIFE,ZYDUSLIFE,2015,27.946365561044463,25,13.732516472084152,15,0.6236179722418255,15,,0,26.485294117647058,15,70,Good
13,ZYDUSLIFE,ZYDUSLIFE,2017,21.79597701149425,25,16.179607508532424,15,0.7481321839080459,15,,0,45.08888888888889,15,70,Good
14,ADANIPORTS,Adani Ports & Special Economic Zone Ltd,2020,14.868209136976077,12,31.8790533142424,20,1.1879640177554307,10,14.053555422033593,15,4.036391594054331,12,69,Good
14,ADANIPORTS,Adani Ports & Special Economic Zone Ltd,2023,11.8773271056864,12,25.85363514291195,20,1.1772455881380952,10,12.98928015223748,15,4.771053745239103,12,69,Good
14,DLF,DLF Ltd,2018,12.678768655659708,12,66.75115550916952,20,0.49534139503270935,20,-2.906998321107812,5,4.1003049813622505,12,69,Good
14,JINDALSTEL,Jindal Steel & Power Ltd,2021,13.411912619833414,12,12.339859452268719,15,0.9401225836869401,15,12.174400426686717,15,4.084998183799492,12,69,Good
14,ULTRACEMCO,ULTRACEMCO,2020,14.729535908206126,12,13.5540890879095,15,0.5895656182768159,15,12.730402575813947,15,4.968373493975903,12,69,Good
15,AXISBANK,Axis Bank Ltd,2024,15.832712405189048,20,22.73130411725443,20,8.249122739980766,5,14.743587120514379,15,1.691203992514036,8,68,Good
15,BAJAJFINSV,Bajaj Finserv Ltd,2020,19.148936170212767,20,11.028315946348734,15,4.0640214682767875,5,36.82239962434755,20,1.9218947368421053,8,68,Good
15,BAJFINANCE,Bajaj Finance Ltd,2022,16.07759705350811,20,22.211687367655887,20,3.779928167821929,5,25.982728075047355,20,-700.6470588235294,3,68,Good
15,BANKBARODA,Bank of Baroda,2024,15.761863790899902,20,15.93948250956673,15,12.143718727289434,5,17.477297665890944,20,1.8967477242617206,8,68,Good
15,CANBK,Canara Bank,2024,16.716051794688113,20,13.935160470145405,15,14.867419925542423,5,18.17561078322378,20,1.6106611743349857,8,68,Good
15,HDFCBANK,HDFC Bank Ltd,2022,15.425327602728373,20,28.06541313559322,20,7.217044641304831,5,13.156752089445444,15,1.7812903428949274,8,68,Good
15,HDFCBANK,HDFC Bank Ltd,2023,15.944347321360706,20,27.026599669700268,20,7.39091618930479,5,14.89379936491606,15,1.859518754423213,8,68,Good
15,ICICIBANK,ICICI Bank Ltd,2024,17.99027109750765,20,28.888011233982798,20,6.445624336310825,5,17.25086850260209,20,1.3009461331381824,3,68,Good
15,INDUSINDBK,IndusInd Bank Ltd,2018,15.125204479677864,20,20.866847983334296,20,7.966444360555346,5,19.868581396171827,20,1.3810526315789473,3,68,Good
15,PFC,Power Finance Corporation Ltd,2018,22.08414921925993,25,18.091888779203686,15,11.074735150876135,5,22.939276768900285,20,0.38938228399749086,3,68,Good
15,PFC,Power Finance Corporation Ltd,2024,24.045399196699563,25,28.916597455960137,20,8.273331152427167,5,11.081753577550923,15,0.5804147544943239,3,68,Good
15,RECLTD,REC Ltd,2022,19.558015356432943,20,25.55250025460841,20,6.490295046186226,5,10.044533302339254,15,1.5645548954695931,8,68,Good
15,RECLTD,REC Ltd,2023,19.213695801789402,20,28.28090968951021,20,6.551789401238816,5,11.74917195172258,15,1.5866514979142965,8,68,Good
15,RECLTD,REC Ltd,2024,19.242279961909944,20,29.7682934528695,20,6.578928037001768,5,13.338042247865678,15,1.6004741552023507,8,68,Good
16,ADANIPORTS,Adani Ports & Special Economic Zone Ltd,2015,21.58848118903855,25,37.77633289986996,20,1.651277287505806,10,,0,3.90468085106383,12,67,Good
16,ADANIPORTS,Adani Ports & Special Economic Zone Ltd,2016,21.147723065531284,25,40.17442678295119,20,1.6543502406516104,10,,0,4.72153024911032,12,67,Good
16,AMBUJACEM,Ambuja Cements Ltd,2020,13.65294195192688,12,12.673356175558819,15,0.02069692841762974,20,-8.83724841597725,5,37.81428571428572,15,67,Good
16,BAJAJFINSV,Bajaj Finserv Ltd,2013,28.377339143809277,25,27.48603351955307,20,1.6650858754165598,10,,0,3.2666112956810633,12,67,Good
16,BAJFINANCE,Bajaj Finance Ltd,2021,11.972479549271359,12,16.5710643722116,15,3.5655777669429547,5,29.58707889397152,20,3621.0,15,67,Good
16,BOSCHLTD,Bosch Ltd,2022,11.386601796407184,12,10.329315905618742,15,0.0068300898203592815,20,2.457867623757859,5,63.89655172413793,15,67,Good
16,BOSCHLTD,Bosch Ltd,2023,12.930173431399256,12,9.538482148837831,10,0.004812494324888767,20,5.013042518514266,10,190.08333333333334,15,67,Good
16,DRREDDY,Dr Reddys Laboratories Ltd,2019,13.904734740444951,12,12.622993267736923,15,0.27367370222475756,20,2.862320330843815,5,39.98876404494382,15,67,Good
16,DRREDDY,Dr Reddys Laboratories Ltd,2020,12.988012052054618,12,11.565907404235885,15,0.14167574844541317,20,3.119455830493445,5,32.11224489795919,15,67,Good
16,DRREDDY,Dr Reddys Laboratories Ltd,2021,11.06513236211099,12,10.247795044099119,15,0.17181565670880336,20,4.117399386622145,5,43.391752577319586,15,67,Good
16,GAIL,GAIL (India) Ltd,2021,11.550900680681433,12,10.70731367217458,15,0.14803881012372608,20,1.964934607077251,5,56.30167597765363,15,67,Good
16,JINDALSTEL,Jindal Steel & Power Ltd,2023,10.267142045160957,12,7.468240246560925,10,0.3370536867669095,20,9.837235785942955,10,6.502766251728907,15,67,Good
16,JINDALSTEL,Jindal Steel & Power Ltd,2024,12.553600473162799,12,11.802438733764944,15,0.3647155742379755,20,1.4028310947741707,5,8.004636785162287,15,67,Good
16,JSWENERGY,JSW Energy Ltd,2022,10.008613264427218,12,21.341986041386065,20,0.5135228251507321,15,-0.2334485509002837,5,5.337194337194338,15,67,Good
16,M&M,Mahindra & Mahindra Ltd,2018,21.63970088375255,25,8.641170977479531,10,1.52,10,6.038547593725219,10,4.412340105342363,12,67,Good
16,M&M,Mahindra & Mahindra Ltd,2023,20.178831210304086,25,9.379148834409454,10,1.6365716921548452,10,5.658317806289093,10,4.158833619210978,12,67,Good
16,MARUTI,Maruti Suzuki India Ltd,2020,11.490903203610387,12,7.504625958234206,10,0.0037237164308987513,20,8.292608553724467,10,80.33582089552239,15,67,Good
16,MARUTI,Maruti Suzuki India Ltd,2023,11.077747989276139,12,6.9791402753145855,10,0.016729222520107237,20,8.209976417024478,10,61.654761904761905,15,67,Good
16,NHPC,NHPC Ltd,2020,10.659316146712978,12,33.42326139088729,20,0.7401293776488959,15,4.012259228031634,5,6.56442417331813,15,67,Good
16,NHPC,NHPC Ltd,2021,10.891598342056696,12,37.3134328358209,20,0.7068949868393186,15,2.9220824381200217,5,11.029462738301559,15,67,Good
16,NHPC,NHPC Ltd,2022,10.807250651470463,12,41.272965879265094,20,0.7472867329114287,15,1.1802076244835424,5,8.522184300341298,15,67,Good
16,NHPC,NHPC Ltd,2024,10.032628458990262,12,41.81893687707641,20,0.8520760168372812,15,1.404917217643753,5,11.243421052631579,15,67,Good
16,ONGC,Oil & Natural Gas Corpn Ltd,2018,12.777241335365824,12,8.077940912161534,10,0.5222552801454766,15,14.780201866571652,15,13.46629325865173,15,67,Good
16,ONGC,Oil & Natural Gas Corpn Ltd,2023,11.679440720905623,12,5.184005465837723,10,0.5068823112308345,15,14.39893778765693,15,9.569907466092026,15,67,Good
16,RELIANCE,Reliance Industries Ltd,2021,7.675114114817502,5,11.524382005845935,15,0.398419245556806,20,11.335748602866925,15,4.871489924017179,12,67,Good
16,SIEMENS,Siemens Ltd,2022,13.290267011197244,12,9.561283926137069,10,0.015676141257536608,20,7.839945218238031,10,65.19444444444444,15,67,Good
16,TORNTPHARM,Torrent Pharmaceuticals Ltd,2018,14.665801427644388,12,11.394957983193276,15,1.3977936404931863,10,13.185815797308443,15,5.35064935064935,15,67,Good
16,TRENT,Trent Ltd,2023,15.177195685670261,20,4.780393108468818,5,1.7195685670261942,10,30.74843312034483,20,3.5574572127139366,12,67,Good
16,TVSMOTOR,TVS Motor Company Ltd,2018,24.8319641523525,25,4.069767441860465,5,2.5870052277819267,5,16.821404430992427,20,4.8579881656804735,12,67,Good
16,TVSMOTOR,TVS Motor Company Ltd,2019,22.863450015767896,25,3.5962301587301586,5,2.9321980447808262,5,19.181226820701692,20,3.300150829562594,12,67,Good
16,VEDL,VEDL,2019,15.567362794356068,20,10.535807404832262,15,1.0630688476170602,10,6.8302575856560965,10,4.823519071893127,12,67,Good
16,ZYDUSLIFE,ZYDUSLIFE,2020,11.604819277108435,12,8.447344418718867,10,0.7697349397590362,15,10.501454517229147,15,7.409356725146199,15,67,Good
17,BAJAJHLDNG,Bajaj Holdings & Investment Ltd,2021,9.831301961417386,5,799.562363238512,20,0.0036591600075335648,20,-0.5594154876097823,5,950.75,15,65,Good
17,BAJAJHLDNG,Bajaj Holdings & Investment Ltd,2022,9.630736193455022,5,852.4793388429752,20,0.0026609401988702676,20,-10.482766082359095,5,1421.0,15,65,Good
17,BAJFINANCE,Bajaj Finance Ltd,2019,20.2822764888054,25,21.609779845296696,20,5.1575366807127985,5,,0,422.15384615384613,15,65,Good
17,BEL,Bharat Electronics Ltd,2017,10153.333333333334,25,17.594731977818853,15,1.9333333333333333,10,,0,122.88888888888889,15,65,Good
17,BPCL,Bharat Petroleum Corporation Ltd,2021,32.340584445896745,25,7.524840227483046,10,1.0182429278312015,10,4.151149125733,5,16.535113174695297,15,65,Good
17,CIPLA,Cipla Ltd,2018,9.958535385480358,5,9.349432567959884,10,0.2880033733923677,20,12.855139726348241,15,44.1,15,65,Good
17,DLF,DLF Ltd,2023,5.397086528511158,5,35.71553994732221,20,0.08846551861384562,20,-3.2183360878788925,5,5.211734693877551,15,65,Good
17,DLF,DLF Ltd,2024,6.771571332687001,5,42.38369379181578,20,0.1066447908121411,20,-5.136730668466605,5,7.457865168539326,15,65,Good
17,DMART,Avenue Supermarts Ltd,2021,9.020026263952726,5,4.5520440707451435,5,0.032255416940249505,20,22.975983661653455,20,46.166666666666664,15,65,Good
17,GAIL,GAIL (India) Ltd,2023,8.61891046868021,5,3.841612433753467,5,0.274400480539683,20,21.730640254162935,20,28.279452054794522,15,65,Good
17,HAVELLS,Havells India Ltd,2013,40.29126213592233,25,8.142957252978276,10,0.680998613037448,15,,0,7.284552845528455,15,65,Good
17,HAVELLS,Havells India Ltd,2014,26.770708283313326,25,5.539684511240839,10,0.6326530612244898,15,,0,7.96078431372549,15,65,Good
17,HAVELLS,Havells India Ltd,2015,21.177117711771174,25,4.546528105810109,5,0.23322332233223322,20,,0,8.364583333333334,15,65,Good
17,HAVELLS,Havells India Ltd,2017,15.079365079365079,20,8.05872756933116,10,0.06349206349206349,20,,0,65.92307692307692,15,65,Good
17,HDFCBANK,HDFC Bank Ltd,2019,14.60633943503413,12,21.34441475451926,20,7.02943913374503,5,19.834211467600227,20,1.8405024542143875,8,65,Good
17,HDFCLIFE,HDFC Life Insurance Company Ltd,2013,33.43305908750935,25,3.1792318634423897,5,0.0,20,,0,483.5357142857143,15,65,Good
17,HDFCLIFE,HDFC Life Insurance Company Ltd,2014,37.60373443983403,25,4.223464988931609,5,0.0,20,,0,68.7344398340249,15,65,Good
17,HDFCLIFE,HDFC Life Insurance Company Ltd,2015,30.932703659976386,25,2.8881131728826013,5,0.0,20,,0,333.46835443037975,15,65,Good
17,HDFCLIFE,HDFC Life Insurance Company Ltd,2016,26.32935868514341,25,4.503610605810043,5,0.0,20,,0,159.1851851851852,15,65,Good
17,HDFCLIFE,HDFC Life Insurance Company Ltd,2017,23.183481442760062,25,2.8942473977877117,5,0.0,20,,0,213.50359712230215,15,65,Good
17,HDFCLIFE,HDFC Life Insurance Company Ltd,2020,19.05391508741002,20,4.414567733151804,5,0.0,20,1.5426961503206993,5,76.53929539295393,15,65,Good
17,HDFCLIFE,HDFC Life Insurance Company Ltd,2022,8.498783143332906,5,1.976879301611894,5,0.038427052645062125,20,16.977021770482814,20,86.61749347258485,15,65,Good
17,ICICIGI,ICICI Lombard General Insurance Company Ltd,2013,18.877005347593585,20,8.798604187437686,10,0.0,20,,0,7.145051194539249,15,65,Good
17,ICICIPRULI,ICICI Prudential Life Insurance Company Ltd,2015,31.14909781576448,25,4.760107973180855,5,0.0,20,,0,762.8604651162791,15,65,Good
17,ICICIPRULI,ICICI Prudential Life Insurance Company Ltd,2017,26.256634405245084,25,4.447852760736196,5,0.0,20,,0,277.03846153846155,15,65,Good
17,ICICIPRULI,ICICI Prudential Life Insurance Company Ltd,2024,7.352687057197166,5,0.942341125272681,5,0.0,20,16.84553965244746,20,31.021548821548823,15,65,Good
17,INDIGO,Interglobe Aviation Ltd,2017,1692.8571428571427,25,8.928955866523143,10,0.5306122448979592,15,,0,20.752851711026615,15,65,Good
17,INDIGO,Interglobe Aviation Ltd,2020,-138.54748603351956,5,-0.69358988701197,5,0.41899441340782123,20,20.756563392217544,20,20.70411495754409,15,65,Good
17,INDIGO,Interglobe Aviation Ltd,2023,-40.7979407979408,5,-0.582228262865959,5,0.015444015444015444,20,18.786848077111173,20,33.49965059399022,15,65,Good
17,INDUSINDBK,IndusInd Bank Ltd,2023,13.5293471495002,12,20.320061592608887,20,7.056662150781737,5,16.04598245049358,20,1.90191036002939,8,65,Good
17,INFY,Infosys Ltd,2016,21.84665716506867,25,21.602793036626576,20,0.0,20,,0,,0,65,Good
17,INFY,Infosys Ltd,2017,20.80687715635963,25,20.958180012849716,20,0.0,20,,0,,0,65,Good
17,IOC,Indian Oil Corporation,2018,19.869329258654304,20,5.36807341539104,10,0.5765143931011468,15,-1.8091898452746502,5,11.868129032258064,15,65,Good
17,LICI,Life Insurance Corporation of India,2023,77.85997015119071,25,4.5877791768838225,5,0.0,20,,0,545.5454545454545,15,65,Good
17,MARUTI,Maruti Suzuki India Ltd,2015,15.66329467883872,20,7.49788389992323,10,0.027387120651369355,20,,0,35.362385321100916,15,65,Good
17,MARUTI,Maruti Suzuki India Ltd,2016,17.954664227854717,20,9.54522565073191,10,0.0075450744708649075,20,,0,127.90243902439025,15,65,Good
17,NAUKRI,Info Edge (India) Ltd,2023,-0.522466039707419,5,-2.9838022165387894,5,0.00806090461262875,20,18.88148259878615,20,12.88888888888889,15,65,Good
17,NESTLEIND,Nestle India Ltd,2015,19.985800496982606,20,6.886850152905198,10,0.006389776357827476,20,,0,388.0,15,65,Good
17,NTPC,NTPC Ltd,2013,15.492368291482029,20,17.598366844710423,15,0.8668020679468242,15,,0,9.203532717784022,15,65,Good
17,ONGC,Oil & Natural Gas Corpn Ltd,2021,9.665989383702671,5,7.029807568891126,10,0.6027079251157339,15,19.625016807385354,20,11.959834613112818,15,65,Good
17,SBILIFE,SBI Life Insurance Company Ltd,2013,23.026315789473685,25,4.236718224613315,5,0.0,20,,0,179.75,15,65,Good
17,SBILIFE,SBI Life Insurance Company Ltd,2014,21.69249106078665,25,4.218333526480473,5,0.0,20,,0,171.0,15,65,Good
17,SBILIFE,SBI Life Insurance Company Ltd,2015,20.09368836291913,25,3.4830548314030514,5,0.0,20,,0,244.25,15,65,Good
17,SHREECEM,Shree Cement Ltd,2022,7.268041237113403,5,8.454363757495004,10,0.12193585337915235,20,11.79878108764747,15,16.174904942965778,15,65,Good
17,SHREECEM,Shree Cement Ltd,2024,8.300205948560754,5,8.445007553238145,10,0.08055941376502707,20,10.325615915556586,15,19.825581395348838,15,65,Good
17,TATACONSUM,Tata Consumer Products Ltd,2021,6.398789046374019,5,8.015859334597483,10,0.11242603550295859,20,11.818125796841251,15,22.397260273972602,15,65,Good
17,TATACONSUM,Tata Consumer Products Ltd,2022,6.703209615638621,5,8.169014084507042,10,0.09325056135252939,20,12.879048702120599,15,20.770114942528735,15,65,Good
17,TATAMOTORS,Tata Motors Ltd,2014,21.416377050179864,25,6.034342063444342,10,0.9243643680263398,15,,0,7.305959149294588,15,65,Good
17,TECHM,Tech Mahindra Ltd,2017,17.34501429701284,20,9.783466593459387,10,0.08310518951146803,20,,0,38.44186046511628,15,65,Good
17,TITAN,Titan Company Ltd,2016,19.24721984602224,20,5.9861653068464,10,0.03222127174222983,20,,0,24.0,15,65,Good
17,TITAN,Titan Company Ltd,2017,16.46586345381526,20,5.256013875273358,10,0.44460193716040636,20,,0,29.526315789473685,15,65,Good
17,TORNTPHARM,Torrent Pharmaceuticals Ltd,2015,30.148534725010034,25,16.199309749784298,15,1.099959855479727,10,,0,7.462857142857143,15,65,Good
17,UNITDSPR,UNITDSPR,2020,16.65772532188841,20,6.659517426273459,10,0.6893776824034334,15,0.1529783936474738,5,7.820754716981132,15,65,Good
17,VEDL,VEDL,2023,36.78816934276945,25,9.845358025361826,10,2.037617634375872,5,9.904204025000984,10,5.95277108433735,15,65,Good
17,ZOMATO,ZOMATO,2024,1.6464959189417392,5,2.8974739970282317,5,0.054367201426024955,20,55.956890893735014,20,12.347222222222221,15,65,Good
18,GRASIM,Grasim Industries Ltd,2021,10.668152807890799,12,9.144809172294645,10,1.2074083122118056,10,17.244407371689796,20,3.4536082474226806,12,64,Average
18,GRASIM,Grasim Industries Ltd,2023,14.068730791699474,12,9.417905752930874,10,1.3085646795864976,10,16.045516550863393,20,4.1896095301125085,12,64,Average
18,JSWSTEEL,JSW Steel Ltd,2024,11.263274169658324,12,5.127252779904689,10,1.1957171189717068,10,15.604695052452788,20,3.659099321406539,12,64,Average
18,NTPC,NTPC Ltd,2022,12.528255056362376,12,12.7836947591374,15,1.5564805649533884,10,10.0896886146449,15,4.817726109215017,12,64,Average
18,NTPC,NTPC Ltd,2024,12.677094228392127,12,11.950633329785267,15,1.438201245602358,10,12.222309654337993,15,4.604991464108609,12,64,Average
18,TATAPOWER,Tata Power Company Ltd,2023,13.234681117132139,12,6.913571285996843,10,1.8383701542309296,10,15.475008740465078,20,3.0347666971637692,12,64,Average
18,TATAPOWER,Tata Power Company Ltd,2024,12.707838479809977,12,6.965125551270159,10,1.7314133016627078,10,15.511158201876407,20,3.054392402331103,12,64,Average
19,ADANIGREEN,Adani Green Energy Ltd,2022,18.706962509563887,20,9.526592635885448,10,20.211170619739864,5,59.19649782184464,20,1.5357279327474207,8,63,Average
19,ICICIBANK,ICICI Bank Ltd,2023,16.53208887728557,20,29.290392922926973,20,6.526373206276982,5,14.261562955956219,15,1.3492136626121145,3,63,Average
19,LODHA,Macrotech Developers Ltd,2016,17.694437452806444,20,8.522245120620681,10,3.4822552227535866,5,30.577489773855817,20,2.668016194331984,8,63,Average
19,LT,Larsen & Toubro Ltd,2013,395.1456310679612,25,7.1090747856931715,10,0.17475728155339806,20,,0,2.9980611805256356,8,63,Average
19,LT,Larsen & Toubro Ltd,2014,303.41614906832297,25,5.743410068897406,10,0.06832298136645963,20,,0,2.374961502925778,8,63,Average
19,LT,Larsen & Toubro Ltd,2015,245.11352418558738,25,5.401995017894244,10,0.10760118460019744,20,,0,2.3542526837324527,8,63,Average
19,LT,Larsen & Toubro Ltd,2017,206.29770992366412,25,5.933474824355972,10,0.0,20,,0,2.6484111875823695,8,63,Average
19,PFC,Power Finance Corporation Ltd,2020,19.18421052631579,20,15.23902941034588,15,12.076133603238866,5,20.004191472316112,20,0.3456236993512058,3,63,Average
19,PFC,Power Finance Corporation Ltd,2023,25.165759642577058,25,27.263014262911284,20,8.925568573397657,5,9.823727364499103,10,0.564646829870047,3,63,Average
19,RECLTD,REC Ltd,2019,16.618421814392402,20,22.59524559193955,20,7.0702541538817805,5,8.086719475284987,10,1.5178719866999169,8,63,Average
19,RECLTD,REC Ltd,2021,19.143588337446303,20,23.562167786933657,20,7.534114797550498,5,8.066617435404822,10,1.5021638978081808,8,63,Average
19,TVSMOTOR,TVS Motor Company Ltd,2024,22.925257731958762,25,4.544641716694342,5,1.8838917525773196,10,14.192387704277065,15,2.9076763485477177,8,63,Average
20,ADANIENSOL,Adani Energy Solutions Ltd,2018,18.87072808320951,20,28.98073022312373,20,1.7216443784051512,10,,0,3.31489841986456,12,62,Average
20,ADANIPORTS,Adani Ports & Special Economic Zone Ltd,2014,19.86309184255562,20,36.04554865424431,20,1.4807758128921849,10,,0,3.6888433981576254,12,62,Average
20,ADANIPOWER,Adani Power Ltd,2022,26.613209080565635,25,17.725812854101257,15,2.662675407704394,5,4.14712377692581,5,3.3672771672771673,12,62,Average
20,AMBUJACEM,Ambuja Cements Ltd,2012,14.686825053995682,12,13.252641296543235,15,0.006820506991019666,20,,0,32.58974358974359,15,62,Average
20,AMBUJACEM,Ambuja Cements Ltd,2013,13.506658211794548,12,13.950442091474729,15,0.0050729232720355105,20,,0,30.73134328358209,15,62,Average
20,AMBUJACEM,Ambuja Cements Ltd,2014,14.766633565044687,12,14.937217478653944,15,0.0033763654419066533,20,,0,35.65151515151515,15,62,Average
20,APOLLOHOSP,Apollo Hospitals Chain of Indian private hospitals,2024,12.465004666044527,12,4.905818773282963,5,0.9826689774696707,15,14.660042602193135,15,5.565701559020044,15,62,Average
20,BHARTIARTL,Bharti Airtel Ltd,2023,15.84131609143535,20,8.830356822020196,10,2.914018281912768,5,10.983012843154238,15,3.7457512953367877,12,62,Average
20,CIPLA,Cipla Ltd,2014,13.968759327430105,12,13.80123857269242,15,0.1241667495771565,20,,0,32.059760956175296,15,62,Average
20,CIPLA,Cipla Ltd,2015,11.377522680985003,12,10.832966064345527,15,0.15765598963154973,20,,0,56.109756097560975,15,62,Average
20,CIPLA,Cipla Ltd,2016,12.00833550403751,12,10.029006526468455,15,0.45168012503256055,20,,0,54.46153846153846,15,62,Average
20,DLF,DLF Ltd,2022,4.125185633353501,5,26.237537169844323,20,0.1150101754578956,20,-7.007331825655971,5,3.1008,12,62,Average
20,GAIL,GAIL (India) Ltd,2018,11.528587538088725,12,8.817160892542573,10,0.09299647304397898,20,1.3451995923340787,5,29.661016949152543,15,62,Average
20,GAIL,GAIL (India) Ltd,2019,14.244413529258326,12,8.600866255414097,10,0.04834362229371359,20,4.287223602942447,5,73.31446540880503,15,62,Average
20,GRASIM,Grasim Industries Ltd,2014,13.66643534582466,12,10.42674102573153,15,0.44788341429562806,20,,0,12.284116331096197,15,62,Average
20,GRASIM,Grasim Industries Ltd,2016,12.596157351708046,12,10.018267753066374,15,0.45590433482810166,20,,0,10.071030640668523,15,62,Average
20,GRASIM,Grasim Industries Ltd,2017,13.527893713958008,12,11.772208051458357,15,0.29352916812693153,20,,0,12.055555555555555,15,62,Average
20,HEROMOTOCO,Hero MotoCorp Ltd,2022,14.696788035590332,12,7.881289973266556,10,0.038177573042216195,20,0.649324573864174,5,48.26788990825688,15,62,Average
20,HINDALCO,Hindalco Industries Ltd,2018,11.089841755997957,12,5.281161282480921,10,0.9493546269962809,15,7.51037706220592,10,35.2552969781174,15,62,Average
20,HINDALCO,Hindalco Industries Ltd,2023,10.650169820475497,12,4.523704984722359,5,0.6359407632428328,15,14.146326442125012,15,153.43993879112472,15,62,Average
20,ICICIPRULI,ICICI Prudential Life Insurance Company Ltd,2020,14.792735338971303,12,5.074910820451843,10,0.0,20,-9.405508418395813,5,13.524714828897338,15,62,Average
20,M&M,Mahindra & Mahindra Ltd,2019,15.0488957807068,20,5.745743451647711,10,1.771953080059025,10,7.19122605967879,10,3.5616411073491334,12,62,Average
20,M&M,Mahindra & Mahindra Ltd,2024,17.40376159541573,20,8.82238743726542,10,1.6573146861081955,10,5.838805854237616,10,3.7646901709401708,12,62,Average
20,NAUKRI,Info Edge (India) Ltd,2013,12.5,12,16.101694915254235,15,0.001644736842105263,20,,0,48.333333333333336,15,62,Average
20,NHPC,NHPC Ltd,2017,11.993796312252284,12,40.357184274614404,20,0.6626572462519387,15,,0,6.292144748455428,15,62,Average
20,RELIANCE,Reliance Industries Ltd,2019,10.290820227737708,12,7.00939759332931,10,0.7948965674016822,15,5.564807025835683,10,5.617217338587451,15,62,Average
20,SIEMENS,Siemens Ltd,2017,14.785435630689205,12,10.275643922277451,15,0.0,20,,0,234.25,15,62,Average
20,SIEMENS,Siemens Ltd,2019,12.144988396507902,12,8.399571996331396,10,0.0,20,4.14780560352479,5,157.33333333333334,15,62,Average
20,SIEMENS,Siemens Ltd,2021,10.52478979414323,12,8.25125018942264,10,0.0003865854837150865,20,4.020709132474987,5,73.875,15,62,Average
20,TITAN,Titan Company Ltd,2021,12.99186341203148,12,4.500092404361486,5,0.7520341469921302,15,13.929578754150128,15,9.38423645320197,15,62,Average
20,TORNTPHARM,Torrent Pharmaceuticals Ltd,2022,13.052242566773057,12,9.132581100141044,10,0.6836888963547791,15,7.9047633663229755,10,8.403921568627451,15,62,Average
20,TVSMOTOR,TVS Motor Company Ltd,2023,23.77838328792007,25,4.093951335460061,5,4.064668483197093,5,14.369173773190113,15,3.04312865497076,12,62,Average
20,ULTRACEMCO,ULTRACEMCO,2014,12.879757886159934,12,10.675349734684032,15,0.4267256431148877,20,,0,12.069252077562327,15,62,Average
20,ULTRACEMCO,ULTRACEMCO,2017,11.126598884880288,12,10.695566502463054,15,0.3474089865529682,20,,0,9.15625,15,62,Average
20,UNITDSPR,UNITDSPR,2018,26.953286482017365,25,7.58933767896636,10,1.4142207523770154,10,-3.708930474264216,5,4.967625899280575,12,62,Average
20,VEDL,VEDL,2024,20.11043533930858,25,5.245360996889937,10,2.128894579598805,5,9.32130335133765,10,4.284310618066561,12,62,Average
21,ABB,Abbott India Ltd,2015,24.439701173959445,25,10.004368719965049,15,0.0,20,,0,,0,60,Average
21,ADANIENSOL,Adani Energy Solutions Ltd,2021,14.46350487722839,12,12.996171670360667,15,3.0378966251821953,5,35.240737223764505,20,2.3925366084081245,8,60,Average
21,ADANIENSOL,Adani Energy Solutions Ltd,2022,12.46847573892868,12,10.978859477704743,15,3.016443054574801,5,31.381577615305556,20,2.3221987315010573,8,60,Average
21,ADANIGREEN,Adani Green Energy Ltd,2023,13.321467688937568,12,12.512860082304528,15,7.423740416210296,5,39.347412006991476,20,1.936447956028856,8,60,Average
21,ADANIGREEN,Adani Green Energy Ltd,2024,11.913767019667171,12,13.665943600867678,15,6.375756429652042,5,34.976172926382844,20,1.713943268078306,8,60,Average
21,AMBUJACEM,Ambuja Cements Ltd,2024,9.40527235191361,5,14.288299155609169,15,0.015463712879148802,20,4.115700788754739,5,28.264492753623188,15,60,Average
21,BAJAJHLDNG,Bajaj Holdings & Investment Ltd,2013,17.941034316094733,20,550.7418397626113,20,0.0,20,,0,,0,60,Average
21,BAJAJHLDNG,Bajaj Holdings & Investment Ltd,2014,16.56804733727811,20,469.97635933806146,20,0.0,20,,0,,0,60,Average
21,BAJAJHLDNG,Bajaj Holdings & Investment Ltd,2015,15.149705069812589,20,387.2137404580153,20,0.0,20,,0,,0,60,Average
21,BANKBARODA,Bank of Baroda,2023,14.282994621864736,12,15.877802821074463,15,12.77989624482414,5,15.460085773662335,20,2.3494930875576037,8,60,Average
21,BEL,Bharat Electronics Ltd,2013,15183.333333333334,25,14.522556990275785,15,4.0,5,,0,184.42857142857142,15,60,Average
21,BEL,Bharat Electronics Ltd,2014,13600.0,25,14.605707272169377,15,3.0,5,,0,194.71428571428572,15,60,Average
21,BEL,Bharat Electronics Ltd,2015,17100.0,25,16.875793035387,15,3.7142857142857144,5,,0,240.85714285714286,15,60,Average
21,BEL,Bharat Electronics Ltd,2016,11141.666666666668,25,18.18058199619255,15,2.0833333333333335,5,,0,196.6,15,60,Average
21,BPCL,Bharat Petroleum Corporation Ltd,2016,29.103403612290425,25,4.306897745121529,5,0.8414765776786357,15,,0,21.888235294117646,15,60,Average
21,BPCL,Bharat Petroleum Corporation Ltd,2018,26.740216827330077,25,4.150999385319739,5,1.0284005570878505,10,-0.5245909845212227,5,15.382799325463743,15,60,Average
21,BPCL,Bharat Petroleum Corporation Ltd,2019,21.999226106023475,25,2.859576294488073,5,1.1566877337804722,10,2.4353632952422766,5,10.253401360544217,15,60,Average
21,BRITANNIA,Britannia Industries Ltd,2013,46.59498207885305,25,4.203718674211803,5,0.6810035842293907,15,,0,11.536585365853659,15,60,Average
21,CANBK,Canara Bank,2023,14.534809234632434,12,13.209524363975083,15,15.850052527737208,5,15.744100651185388,20,1.6884501480750247,8,60,Average
21,CHOLAFIN,Cholamandalam Investment & Finance Company Ltd,2018,17.912195121951218,20,16.51376146788991,15,7.479024390243903,5,16.68437656235511,20,,0,60,Average
21,CIPLA,Cipla Ltd,2019,9.938715694111377,5,9.118689646742451,10,0.2875033306687983,20,9.970821360334714,10,27.849056603773583,15,60,Average
21,CIPLA,Cipla Ltd,2020,9.515955084692001,5,8.755545178613122,10,0.17864619678995114,20,8.59272043765662,10,40.53779069767442,15,60,Average
21,DMART,Avenue Supermarts Ltd,2016,21.038790269559502,25,3.727865796831314,5,0.7836949375410914,15,,0,7.483516483516484,15,60,Average
21,GAIL,GAIL (India) Ltd,2013,15.166354101548935,20,8.567112645662494,10,0.5720636243661874,15,,0,19.02517162471396,15,60,Average
21,GODREJCP,Godrej Consumer Products Ltd,2016,19.475041012420906,20,9.864672364672366,10,0.67752519334427,15,,0,10.8984375,15,60,Average
21,GRASIM,Grasim Industries Ltd,2020,11.722847103279006,12,9.727187481685519,10,1.4969540727137889,10,16.5515659503233,20,2.532510885341074,8,60,Average
21,HDFCBANK,HDFC Bank Ltd,2024,14.33974005030719,12,23.07288232992184,20,6.808786667718385,5,21.95098428169122,20,1.4007688224792112,3,60,Average
21,ICICIPRULI,ICICI Prudential Life Insurance Company Ltd,2022,8.287835772002621,5,1.194072116292241,5,0.1310329766324525,20,10.944844537496001,15,20.5969915387026,15,60,Average
21,INDUSINDBK,IndusInd Bank Ltd,2019,12.369781908116616,12,14.82862405103095,15,9.075507756876265,5,21.948381582255692,20,1.6435275367451745,8,60,Average
21,INDUSINDBK,IndusInd Bank Ltd,2020,12.729420577981386,12,15.349338150991903,15,7.57175785864523,5,24.321010202841762,20,1.813983599482089,8,60,Average
21,INDUSINDBK,IndusInd Bank Ltd,2024,14.252273197764223,12,19.56369677362945,15,6.885742949503957,5,15.495613083358029,20,1.8795270558159352,8,60,Average
21,IOC,Indian Oil Corporation,2017,19.966502115655853,20,5.736129596852938,10,0.6197206550697383,15,,0,10.287202778519903,15,60,Average
21,IOC,Indian Oil Corporation,2019,15.358898896584835,20,3.2706122031664764,5,0.8603704131805209,15,1.5798163670665666,5,7.991675126903553,15,60,Average
21,IOC,Indian Oil Corporation,2021,19.458502476796795,20,5.9793927737326555,10,1.043017578998194,10,1.014060519872384,5,15.214797136038186,15,60,Average
21,IRCTC,Indian Railway Catering & Tourism Corporation Ltd,2015,29.504504504504503,25,12.370160528800756,15,0.0,20,,0,,0,60,Average
21,IRCTC,Indian Railway Catering & Tourism Corporation Ltd,2016,34.87084870848708,25,13.825896122896856,15,0.0,20,,0,,0,60,Average
21,IRFC,Indian Railway Finance Corporation Ltd,2021,12.29604054129309,12,28.000760890241583,20,8.997744612128974,5,16.005495428865157,20,1.3933434190620273,3,60,Average
21,IRFC,Indian Railway Finance Corporation Ltd,2022,14.854745469180672,12,30.001477905315532,20,9.474839622411396,5,17.542252951321856,20,1.433676731793961,3,60,Average
21,IRFC,Indian Railway Finance Corporation Ltd,2023,13.802287325708914,12,25.996964842761994,20,9.376133031937513,5,20.68198021788925,20,1.354330257350834,3,60,Average
21,IRFC,Indian Railway Finance Corporation Ltd,2024,12.458952686291655,12,24.064552448864703,20,7.832721266880404,5,19.06740855567788,20,1.3194865927068304,3,60,Average
21,JIOFIN,Jio Financial Services Ltd,2024,1.1703027474771044,5,86.52291105121293,20,0.0,20,,0,198.8,15,60,Average
21,KOTAKBANK,Kotak Mahindra Bank Ltd,2018,12.395024560291553,12,24.901516055867255,20,4.948502614482649,5,18.318355472841485,20,1.2270866832334455,3,60,Average
21,KOTAKBANK,Kotak Mahindra Bank Ltd,2019,12.467766220729997,12,24.149374811437767,20,5.049462626122774,5,20.004824943182275,20,1.2225043349021552,3,60,Average
21,KOTAKBANK,Kotak Mahindra Bank Ltd,2020,12.89523838107958,12,25.670669773555595,20,4.899335204165854,5,20.239510229555723,20,1.335721051385271,3,60,Average
21,LODHA,Macrotech Developers Ltd,2019,42.80135381411091,25,13.80700428319476,15,6.675605311116897,5,,0,5.723591549295775,15,60,Average
21,LODHA,Macrotech Developers Ltd,2024,8.545974483062032,5,15.063978286157425,15,0.43939727232732073,20,-2.8278535641862446,5,5.628630705394191,15,60,Average
21,MOTHERSON,Samvardhana Motherson International Ltd,2017,26.25725338491296,25,5.12554276005286,10,1.251088007736944,10,,0,12.045333333333334,15,60,Average
21,NHPC,NHPC Ltd,2018,9.270663426650245,5,35.912314635718886,20,0.6192203987883226,15,3.9773181180608352,5,5.87987012987013,15,60,Average
21,NHPC,NHPC Ltd,2019,9.208390155204883,5,31.570744740064566,20,0.6190661731281252,15,3.984150124326624,5,7.493303571428571,15,60,Average
21,ONGC,Oil & Natural Gas Corpn Ltd,2020,5.585459084171932,5,2.8876207376338447,5,0.6312553631328497,15,19.777417891578963,20,7.088663372946989,15,60,Average
21,PNB,Punjab National Bank,2024,61.320565191187306,25,8.395910695456838,10,3.684256345007701,5,15.902076009106025,20,,0,60,Average
21,RELIANCE,Reliance Industries Ltd,2024,9.64301796442261,5,8.789365557299389,10,0.4362971396773213,20,9.606097094616972,10,7.728912535686478,15,60,Average
21,SBILIFE,SBI Life Insurance Company Ltd,2016,17.832241707162478,20,4.367625750362244,5,0.0,20,,0,209.8,15,60,Average
21,SBILIFE,SBI Life Insurance Company Ltd,2017,17.201008645533143,20,3.1262275762734055,5,0.0,20,,0,241.4,15,60,Average
21,SBILIFE,SBI Life Insurance Company Ltd,2020,16.264440123527393,20,3.246723594684689,5,0.0,20,13.357796775948216,15,,0,60,Average
21,SHRIRAMFIN,Shriram Finance Ltd,2024,14.122385096961368,12,20.333626470264925,20,3.966636127653077,5,18.556070052776754,20,0.6766743648960739,3,60,Average
21,SUNPHARMA,Sun Pharmaceuticals Industries Ltd,2020,9.216834198608197,5,12.704793227358548,15,0.18369601237158953,20,3.6932749659858377,5,24.306930693069308,15,60,Average
21,TATAMOTORS,Tata Motors Ltd,2013,26.505832026994714,25,5.284094219595007,10,1.427212583362117,10,,0,6.968820224719101,15,60,Average
21,TATAMOTORS,Tata Motors Ltd,2015,25.013330489495573,25,5.347717539586334,10,1.3083431090256301,10,,0,8.219090722073647,15,60,Average
21,TVSMOTOR,TVS Motor Company Ltd,2015,24.754716981132074,25,3.1981279251170043,5,0.8445283018867924,15,,0,11.048387096774194,15,60,Average
21,TVSMOTOR,TVS Motor Company Ltd,2016,23.58438702583837,25,3.7707655796782986,5,0.59978009895547,15,,0,13.028571428571428,15,60,Average
21,TVSMOTOR,TVS Motor Company Ltd,2017,22.95895354082093,25,4.084088903153334,5,0.591339648173207,15,,0,17.233333333333334,15,60,Average
22,APOLLOHOSP,Apollo Hospitals Chain of Indian private hospitals,2020,12.934131736526947,12,3.841024273139504,5,1.0766467065868264,10,17.004024260020856,20,3.401500938086304,12,59,Average
22,GRASIM,Grasim Industries Ltd,2024,10.682537290944703,12,7.578371940325857,10,1.7021352159969005,10,11.15172597339149,15,3.015845639754231,12,59,Average
22,NTPC,NTPC Ltd,2019,12.602710202322262,12,13.993837685841633,15,1.5540828147310004,10,5.066267148996562,10,4.554504906333631,12,59,Average
22,NTPC,NTPC Ltd,2020,10.015146415348369,12,10.872981071402469,15,1.7080444294850219,10,6.483658660598168,10,4.859567712785444,12,59,Average
22,NTPC,NTPC Ltd,2021,11.904818711775981,12,13.421380602702387,15,1.6717804340737559,10,8.728811496983235,10,4.235147441457069,12,59,Average
22,NTPC,NTPC Ltd,2023,11.645116750440407,12,9.716413082340656,10,1.5161777408976826,10,14.875181849027719,15,4.381672053813226,12,59,Average
23,BAJAJFINSV,Bajaj Finserv Ltd,2014,23.528780068728523,25,36.37722065415906,20,2.0948238831615122,5,,0,2.87708066581306,8,58,Average
23,BAJAJFINSV,Bajaj Finserv Ltd,2015,21.724231220128054,25,21.25275694750772,20,2.372801875732708,5,,0,2.4748878923766817,8,58,Average
23,DLF,DLF Ltd,2021,3.0641693073789047,5,20.003694126339123,20,0.19482797645993663,20,-11.417323931344514,5,2.17116060961313,8,58,Average
23,LODHA,Macrotech Developers Ltd,2020,16.300527240773285,20,5.96319215623242,10,4.047231985940246,5,14.816366483085108,15,2.7513513513513512,8,58,Average
23,LT,Larsen & Toubro Ltd,2016,216.09411764705882,25,4.541049425446491,5,0.02588235294117647,20,,0,2.4213654152775765,8,58,Average
23,RECLTD,REC Ltd,2013,21.86537364517969,25,28.113539680211236,20,6.147290359383914,5,,0,1.6422120499814425,8,58,Average
23,RECLTD,REC Ltd,2014,22.789982214103734,25,27.527143935435173,20,6.065134836321684,5,,0,1.6597907324364722,8,58,Average
23,RECLTD,REC Ltd,2015,21.31461391193363,25,26.012461059190027,20,6.021817166560306,5,,0,1.638597972972973,8,58,Average
23,SHRIRAMFIN,Shriram Finance Ltd,2018,18.619430241051862,20,18.878684639312695,15,5.999342585829072,5,14.011434159366654,15,0.6135122484006865,3,58,Average
23,SHRIRAMFIN,Shriram Finance Ltd,2019,16.13731754682704,20,16.580844490216272,15,5.507360771784752,5,12.88328854393026,15,0.5051560021152829,3,58,Average
24,APOLLOHOSP,Apollo Hospitals Chain of Indian private hospitals,2013,11.030214779759739,12,8.039267710267975,10,0.4415726246814707,20,,0,6.262135922330097,15,57,Average
24,APOLLOHOSP,Apollo Hospitals Chain of Indian private hospitals,2014,10.581121934833725,12,7.229745237548772,10,0.4514612025529056,20,,0,5.831932773109243,15,57,Average
24,ATGL,Adani Total Gas Ltd,2018,15.94488188976378,20,11.790393013100436,15,1.3238188976377954,10,,0,3.568,12,57,Average
24,BAJAJHLDNG,Bajaj Holdings & Investment Ltd,2018,10.535296218404032,12,632.1428571428571,20,0.0,20,4.501825711228924,5,,0,57,Average
24,BAJAJHLDNG,Bajaj Holdings & Investment Ltd,2019,11.308993766696348,12,707.1925754060325,20,0.0,20,0.37542116762430133,5,,0,57,Average
24,BHEL,Bharat Heavy Electricals Limited,2014,10.557414609146544,12,8.852152372285838,10,0.14147900274336017,20,,0,46.58646616541353,15,57,Average
24,DRREDDY,Dr Reddys Laboratories Ltd,2017,10.536617191322787,12,9.101155255001409,10,0.4010764964932311,20,,0,33.46835443037975,15,57,Average
24,JSWENERGY,JSW Energy Ltd,2015,18.063314711359403,20,14.528725794372527,15,1.2362330407023145,10,,0,3.3597185576077395,12,57,Average
24,LODHA,Macrotech Developers Ltd,2012,33.83658969804618,25,12.897765741367637,15,3.782415630550622,5,,0,3.338582677165354,12,57,Average
24,LODHA,Macrotech Developers Ltd,2015,24.225865209471767,25,12.796664528543939,15,3.5980570734669097,5,,0,3.841463414634146,12,57,Average
24,M&M,Mahindra & Mahindra Ltd,2013,20.685336405991684,25,6.010801682849781,10,1.438354791844096,10,,0,4.3347845015237265,12,57,Average
24,M&M,Mahindra & Mahindra Ltd,2014,22.11352812459776,25,6.964770746341266,10,1.5088599991418887,10,,0,3.7044685172647256,12,57,Average
24,M&M,Mahindra & Mahindra Ltd,2022,15.391634658234832,20,8.043606037417796,10,1.6468603442055896,10,1.4828285717850775,5,3.564567556795536,12,57,Average
24,MARUTI,Maruti Suzuki India Ltd,2013,12.980870296405298,12,5.575117370892019,10,0.08245743115408871,20,,0,26.050505050505052,15,57,Average
24,MARUTI,Maruti Suzuki India Ltd,2014,13.276888723483438,12,6.407435678685286,10,0.09322664681801265,20,,0,32.79347826086956,15,57,Average
24,MOTHERSON,Samvardhana Motherson International Ltd,2020,11.490986590888909,12,2.1307777174002536,5,1.166503862889619,10,11.86932259609421,15,8.930860033726812,15,57,Average
24,MOTHERSON,Samvardhana Motherson International Ltd,2021,12.491043706711249,12,2.7348788565452327,5,0.949765146087095,15,9.04130271469381,10,9.64453125,15,57,Average
24,NTPC,NTPC Ltd,2014,13.057518121128147,12,14.557640750670242,15,0.9327371205441491,15,,0,6.901317805700276,15,57,Average
24,NTPC,NTPC Ltd,2018,10.140687311105317,12,11.922845497996208,15,1.2557477091239149,10,4.254629054165937,5,6.31009669440072,15,57,Average
24,POWERGRID,Power Grid Corporation of India Ltd,2013,16.3352649320153,20,32.97148536044645,20,2.6221641480134834,5,,0,4.541362062331666,12,57,Average
24,RELIANCE,Reliance Industries Ltd,2016,12.895800583876039,12,10.954828437576811,15,0.8408937794745116,15,,0,14.628285017610404,15,57,Average
24,RELIANCE,Reliance Industries Ltd,2018,12.292764032081116,12,9.231800584919515,10,0.8171655775350418,15,-0.26067659554612765,5,9.21311475409836,15,57,Average
24,SBILIFE,SBI Life Insurance Company Ltd,2021,14.000000000000002,12,1.7774956356133946,5,0.0,20,33.49074616664105,20,,0,57,Average
24,SBILIFE,SBI Life Insurance Company Ltd,2022,12.958182756840475,12,1.8148295434004555,5,0.0,20,22.124070110590345,20,,0,57,Average
24,SIEMENS,Siemens Ltd,2014,13.782857142857145,12,5.6471249297621275,10,0.0,20,,0,35.61290322580645,15,57,Average
24,SIEMENS,Siemens Ltd,2018,10.85672972647307,12,7.041813208284486,10,0.0,20,,0,200.875,15,57,Average
24,ULTRACEMCO,ULTRACEMCO,2016,11.300979722032354,12,9.859658887607841,10,0.4837548416495785,20,,0,9.478798586572438,15,57,Average
24,ULTRACEMCO,ULTRACEMCO,2019,7.110900417765399,5,5.788432781824321,10,0.7507036828538414,15,14.870943725647257,15,4.329021372328459,12,57,Average
24,VEDL,VEDL,2014,15.643491124260356,20,17.2647841335107,15,1.1035229015998247,10,,0,4.214566156262269,12,57,Average
24,VEDL,VEDL,2017,18.72734795200662,20,15.667705088265835,15,1.1844269755895738,10,,0,4.406319385140905,12,57,Average
25,ABB,Abbott India Ltd,2012,22.411128284389488,25,8.771929824561402,10,0.0,20,,0,,0,55,Average
25,ABB,Abbott India Ltd,2014,25.12690355329949,25,8.699472759226714,10,0.0,20,,0,,0,55,Average
25,ADANIENSOL,Adani Energy Solutions Ltd,2023,10.90305557919823,12,9.636650868878357,10,2.916843986722274,5,27.507937149916796,20,2.193815174397699,8,55,Average
25,BAJFINANCE,Bajaj Finance Ltd,2015,18.708333333333332,20,16.654302670623146,15,5.553125,5,,0,68.34615384615384,15,55,Average
25,BAJFINANCE,Bajaj Finance Ltd,2016,17.220950585700823,20,17.522948349088914,15,4.985189174633096,5,,0,68.02857142857142,15,55,Average
25,BAJFINANCE,Bajaj Finance Ltd,2017,19.125,20,18.415245737211634,15,5.130208333333333,5,,0,149.04545454545453,15,55,Average
25,BAJFINANCE,Bajaj Finance Ltd,2018,15.749621403331652,20,19.58261415345991,15,4.1997097425542655,5,,0,414.6,15,55,Average
25,BOSCHLTD,Bosch Ltd,2020,7.011866235167206,5,6.604348709611868,10,0.007982740021574973,20,-4.024550643795177,5,137.8,15,55,Average
25,BPCL,Bharat Petroleum Corporation Ltd,2014,20.848765432098766,25,1.5327829484042492,5,1.705349794238683,10,,0,5.4278506559031285,15,55,Average
25,BPCL,Bharat Petroleum Corporation Ltd,2015,22.524598883077743,25,2.0948235352311233,5,1.1298643737257335,10,,0,10.082203389830509,15,55,Average
25,BPCL,Bharat Petroleum Corporation Ltd,2017,30.847853596807163,25,4.723951682227666,5,1.1591875141957884,10,,0,23.71264367816092,15,55,Average
25,CHOLAFIN,Cholamandalam Investment & Finance Company Ltd,2013,15.778688524590164,20,11.98443579766537,15,7.822233606557377,5,,0,706.0,15,55,Average
25,CHOLAFIN,Cholamandalam Investment & Finance Company Ltd,2014,16.09094884127678,20,11.222933821286977,15,7.903366856143419,5,,0,950.0,15,55,Average
25,CHOLAFIN,Cholamandalam Investment & Finance Company Ltd,2016,15.66757493188011,20,13.64499288087328,15,6.143324250681199,5,,0,643.5,15,55,Average
25,CHOLAFIN,Cholamandalam Investment & Finance Company Ltd,2017,16.70544439274081,20,15.296122709842352,15,5.600511865984179,5,,0,448.6666666666667,15,55,Average
25,DMART,Avenue Supermarts Ltd,2014,16.84100418410042,20,3.4357661118224496,5,0.6705020920502092,15,,0,6.375,15,55,Average
25,DMART,Avenue Supermarts Ltd,2015,17.666666666666668,20,3.292436713775431,5,0.7533333333333333,15,,0,6.611111111111111,15,55,Average
25,DRREDDY,Dr Reddys Laboratories Ltd,2018,7.532612153993,5,6.631188292136406,10,0.40335666560610883,20,3.8323661555037525,5,31.72151898734177,15,55,Average
25,HINDALCO,Hindalco Industries Ltd,2024,8.816941029381121,5,4.702216130615571,5,0.5292682503299299,15,10.592433818985914,15,126.46543778801843,15,55,Average
25,ICICIPRULI,ICICI Prudential Life Insurance Company Ltd,2016,30.99755776817584,25,7.91404863542616,10,0.19331204208153296,20,,0,,0,55,Average
25,ICICIPRULI,ICICI Prudential Life Insurance Company Ltd,2023,8.057482656095145,5,1.6106026387733272,5,0.11892963330029732,20,5.385892062674458,10,17.857094017094017,15,55,Average
25,INDIGO,Interglobe Aviation Ltd,2013,17886.363636363636,25,8.551559274149733,10,2.5,5,,0,28.23310810810811,15,55,Average
25,INDIGO,Interglobe Aviation Ltd,2022,-48.769230769230774,5,-1.2224750298870077,5,0.018461538461538463,20,6.894340234725771,10,35.0,15,55,Average
25,IRFC,Indian Railway Finance Corporation Ltd,2018,14.754451464675475,12,22.17546131434121,20,9.621338311315336,5,10.797314976705529,15,1.3904790599578187,3,55,Average
25,IRFC,Indian Railway Finance Corporation Ltd,2020,10.535001155153635,12,23.783622680873258,20,7.7354698174857255,5,14.103140488227828,15,1.3140804880448687,3,55,Average
25,KOTAKBANK,Kotak Mahindra Bank Ltd,2023,13.348060171356002,12,35.40841261180043,20,3.745568533457349,5,10.896955244101703,15,1.2877919279750683,3,55,Average
25,KOTAKBANK,Kotak Mahindra Bank Ltd,2024,14.013018188532914,12,32.386151466116615,20,4.003739266919029,5,13.51960376324537,15,1.2363751084470385,3,55,Average
25,LODHA,Macrotech Developers Ltd,2017,14.480535581453013,12,7.368155437799646,10,4.012645673196132,5,21.8228387693981,20,2.9864130434782608,8,55,Average
25,MARUTI,Maruti Suzuki India Ltd,2021,8.359840764937811,5,6.236855567555278,10,0.010304565627321384,20,4.090734083537506,5,82.91176470588235,15,55,Average
25,MARUTI,Maruti Suzuki India Ltd,2022,7.012090434279725,5,4.3926185893807315,5,0.007698841559286501,20,5.344376669695539,10,59.94488188976378,15,55,Average
25,MOTHERSON,Samvardhana Motherson International Ltd,2014,37.07333558634674,25,3.6068915630959424,5,1.6356877323420074,10,,0,9.210884353741497,15,55,Average
25,MOTHERSON,Samvardhana Motherson International Ltd,2015,38.86883273164862,25,3.7275323851014104,5,1.5436221419975933,10,,0,9.61006289308176,15,55,Average
25,MOTHERSON,Samvardhana Motherson International Ltd,2016,40.34569024334774,25,4.766766981943251,5,1.3802592676825107,10,,0,10.797101449275363,15,55,Average
25,NAUKRI,Info Edge (India) Ltd,2014,8.928571428571429,5,10.582010582010582,15,0.001488095238095238,20,,0,48.333333333333336,15,55,Average
25,NAUKRI,Info Edge (India) Ltd,2016,7.647440051847052,5,15.775401069518717,15,0.0006480881399870382,20,,0,67.33333333333333,15,55,Average
25,NHPC,NHPC Ltd,2013,9.64255747608659,5,45.02429086350102,20,0.6826648766571572,15,,0,9.405891980360066,15,55,Average
25,NHPC,NHPC Ltd,2015,9.096820339423891,5,34.03478895511495,20,0.669224266857403,15,,0,5.193672839506172,15,55,Average
25,NHPC,NHPC Ltd,2016,7.4740068893594165,5,28.309791716542975,20,0.6300919634674336,15,,0,5.135344827586207,15,55,Average
25,ONGC,Oil & Natural Gas Corpn Ltd,2015,9.810201989415644,5,11.000913480360172,15,0.2989332520572996,20,,0,16.85300279329609,15,55,Average
25,ONGC,Oil & Natural Gas Corpn Ltd,2016,6.623393693065202,5,10.563062336740945,15,0.23001405360591262,20,,0,10.674986723313861,15,55,Average
25,SHRIRAMFIN,Shriram Finance Ltd,2023,13.835263835263836,12,19.742883379247015,15,3.7737175951461666,5,17.694877574792244,20,0.6787556787556788,3,55,Average
25,SIEMENS,Siemens Ltd,2020,8.1015592077539,5,7.7317514578725115,10,0.0,20,-1.1965214353366616,5,43.93333333333333,15,55,Average
25,SUNPHARMA,Sun Pharmaceuticals Industries Ltd,2021,4.889912403417773,5,6.782494477282226,10,0.08327055936982115,20,3.2938423054365673,5,35.60992907801418,15,55,Average
25,SUNPHARMA,Sun Pharmaceuticals Industries Ltd,2022,7.0587990252233865,5,8.767527293423708,10,0.02686884255691404,20,4.126666314649863,5,53.173228346456696,15,55,Average
25,TATACONSUM,Tata Consumer Products Ltd,2018,7.907836723083488,5,8.158473954512106,10,0.1518987341772152,20,-1.5027994128252953,5,17.53846153846154,15,55,Average
25,TATACONSUM,Tata Consumer Products Ltd,2019,6.232951445717403,5,6.301709873138445,10,0.15561920349154393,20,-1.2889403541939681,5,11.666666666666666,15,55,Average
25,TATASTEEL,Tata Steel Ltd,2023,7.833569391358336,5,3.3182249653795104,5,0.8235482431462331,15,14.575209507250019,15,5.376885219876171,15,55,Average
25,TECHM,Tech Mahindra Ltd,2024,9.063752552370868,5,4.60996999769213,5,0.07694925508583529,20,8.398437919098868,10,13.85969387755102,15,55,Average
25,TVSMOTOR,TVS Motor Company Ltd,2013,22.024471635150167,25,2.6364846870838883,5,1.1879866518353726,10,,0,5.514563106796117,15,55,Average
25,TVSMOTOR,TVS Motor Company Ltd,2014,16.1068044788975,20,2.23043893129771,5,0.6270456503014643,15,,0,6.7,15,55,Average
25,ULTRACEMCO,ULTRACEMCO,2018,8.429990144795694,5,7.179056780399626,10,0.7383822303085437,15,8.593394456772563,10,5.159127625201939,15,55,Average
25,UNIONBANK,UNIONBANK,2023,10.801482158266078,12,10.48753742468859,15,14.758882797827521,5,19.755443231769632,20,0.26837799013178437,3,55,Average
25,UNIONBANK,UNIONBANK,2024,14.136560175413432,12,13.745317605802185,15,12.823705403799257,5,23.945769366938308,20,0.35356038128906003,3,55,Average
25,VEDL,VEDL,2013,13.047210300429185,12,82.93925063659513,20,0.2769098712446352,20,,0,1.048421052631579,3,55,Average
26,TATASTEEL,Tata Steel Ltd,2021,11.031937391398053,12,5.240124380974318,10,1.19210926871321,10,8.917643492126203,10,4.033653214144866,12,54,Average
27,ADANIENSOL,Adani Energy Solutions Ltd,2024,5.69930903025971,5,7.201782380923707,10,1.8588992137240887,10,17.85124994851739,20,2.284784965666787,8,53,Average
27,BAJAJFINSV,Bajaj Finserv Ltd,2016,20.405912199426428,25,13.514829786197827,15,2.651812633281859,5,,0,2.3423705248522766,8,53,Average
27,BAJAJFINSV,Bajaj Finserv Ltd,2017,21.360906445421335,25,14.077610478638755,15,2.989412420283574,5,,0,2.344725511302476,8,53,Average
27,HDFCBANK,HDFC Bank Ltd,2014,19.851925645844183,20,20.60392433321584,20,9.434125025471506,5,,0,1.6294287780187997,8,53,Average
27,HDFCBANK,HDFC Bank Ltd,2015,16.947461760141874,20,21.12462006079027,20,8.071729423314437,5,,0,1.6947412528807877,8,53,Average
27,HDFCBANK,HDFC Bank Ltd,2016,17.25479112833764,20,20.298597257844907,20,8.742288436692506,5,,0,1.7899571887263646,8,53,Average
27,HDFCBANK,HDFC Bank Ltd,2017,16.686275791446064,20,20.904587080836894,20,8.078414711201168,5,,0,1.849825648973266,8,53,Average
27,ICICIGI,ICICI Lombard General Insurance Company Ltd,2017,17.9953857985132,20,9.335106382978724,10,0.12432709561650859,20,,0,-3306.5,3,53,Average
27,INDUSINDBK,IndusInd Bank Ltd,2022,9.667071994632899,5,14.960093439750827,15,7.149251540945113,5,16.429620297749015,20,2.1593946004908644,8,53,Average
27,JSWENERGY,JSW Energy Ltd,2016,15.045342126957955,20,14.861563517915311,15,1.5315333882934872,10,,0,2.916555407209613,8,53,Average
27,LODHA,Macrotech Developers Ltd,2011,35.483870967741936,25,12.149102623101703,15,7.521505376344086,5,,0,2.314487632508834,8,53,Average
27,RECLTD,REC Ltd,2016,19.69681237670024,20,23.589637305699483,20,5.856505035821825,5,,0,1.5718386780562947,8,53,Average
27,RECLTD,REC Ltd,2017,18.749071901636423,20,25.938861040348428,20,4.9850613287398655,5,,0,1.6694399049175457,8,53,Average
27,TVSMOTOR,TVS Motor Company Ltd,2020,19.70758452634785,20,3.4325428404689906,5,3.5306122448979593,5,12.9437128647647,15,2.6619883040935672,8,53,Average
27,TVSMOTOR,TVS Motor Company Ltd,2021,15.88711784687745,20,3.1306317903300553,5,3.182388293702639,5,11.288109784327238,15,2.5743473325766173,8,53,Average
27,TVSMOTOR,TVS Motor Company Ltd,2022,16.613636363636363,20,3.0014370765756517,5,3.5970454545454547,5,14.338662531121994,15,2.925531914893617,8,53,Average
27,ZOMATO,ZOMATO,2023,-4.9897225077081195,5,-13.7166266421811,5,0.02605344295991778,20,72.31266492619419,20,-10.795918367346939,3,53,Average
28,APOLLOHOSP,Apollo Hospitals Chain of Indian private hospitals,2015,10.561160151324085,12,6.531487619418989,10,0.6279949558638083,15,,0,6.6440677966101696,15,52,Average
28,APOLLOHOSP,Apollo Hospitals Chain of Indian private hospitals,2019,5.9988002399520095,5,2.0796506186960593,5,1.1016796640671866,10,17.157585093393312,20,3.3516819571865444,12,52,Average
28,BAJAJHLDNG,Bajaj Holdings & Investment Ltd,2016,14.810697704832275,12,481.9148936170213,20,0.0,20,,0,,0,52,Average
28,BAJAJHLDNG,Bajaj Holdings & Investment Ltd,2017,13.879223257380177,12,293.70546318289786,20,0.0,20,,0,,0,52,Average
28,CHOLAFIN,Cholamandalam Investment & Finance Company Ltd,2020,12.853658536585366,12,12.098255280073463,15,6.707926829268293,5,18.58556025181821,20,,0,52,Average
28,DMART,Avenue Supermarts Ltd,2017,12.467464862051015,12,4.025886703647672,5,0.3896408120770432,20,,0,8.172131147540984,15,52,Average
28,GAIL,GAIL (India) Ltd,2014,14.746117821050037,12,7.7487250060714,10,0.5711424698052748,15,,0,13.804185351270553,15,52,Average
28,GRASIM,Grasim Industries Ltd,2015,11.158167675021607,12,8.136383689418288,10,0.5155574762316335,15,,0,8.506746626686656,15,52,Average
28,GRASIM,Grasim Industries Ltd,2018,6.429455553424801,5,6.598203742798869,10,1.1692613448161644,10,14.901099094689751,15,3.282009282009282,12,52,Average
28,JINDALSTEL,Jindal Steel & Power Ltd,2013,13.890457368718238,12,14.903821881153128,15,1.1583850931677018,10,,0,6.034676663542643,15,52,Average
28,JSWENERGY,JSW Energy Ltd,2020,9.282156963764383,5,13.066602199927473,15,0.844925296239052,15,-2.4116092813303402,5,3.1712654614652713,12,52,Average
28,JSWENERGY,JSW Energy Ltd,2021,5.67312331977666,5,11.889627275353943,15,0.5770317777624595,15,-6.762923346846216,5,3.5279017857142856,12,52,Average
28,JSWENERGY,JSW Energy Ltd,2023,7.944602501476193,5,14.3244289585753,15,1.3447313328681088,10,5.120760469863872,10,4.687203791469194,12,52,Average
28,JSWSTEEL,JSW Steel Ltd,2017,15.30887093213229,20,6.235162937918135,10,1.9134543206605732,10,,0,3.271231422505308,12,52,Average
28,LODHA,Macrotech Developers Ltd,2022,9.97852304642326,5,13.08350481966858,15,0.9529985131339831,15,3.0997835489557257,5,3.6031976744186047,12,52,Average
28,NHPC,NHPC Ltd,2014,5.781349571620761,5,22.10041954256327,20,0.7370601147065071,15,,0,4.348295926849543,12,52,Average
28,NTPC,NTPC Ltd,2015,12.171413257972569,12,12.496716985379642,15,1.2455477866835578,10,,0,5.366584900517852,15,52,Average
28,NTPC,NTPC Ltd,2016,11.772863772863772,12,14.688811379366722,15,1.0857111657111658,10,,0,5.869281045751634,15,52,Average
28,NTPC,NTPC Ltd,2017,10.950755330239783,12,13.059164818020038,15,1.1628712770089331,10,,0,6.179056754596323,15,52,Average
28,RELIANCE,Reliance Industries Ltd,2013,11.472357254675785,12,5.274815194579209,10,0.5889374090247452,15,,0,11.814034074501876,15,52,Average
28,RELIANCE,Reliance Industries Ltd,2014,11.348502921680835,12,5.2011321250873666,10,0.698389929889726,15,,0,11.418143899895725,15,52,Average
28,RELIANCE,Reliance Industries Ltd,2015,10.81927148408002,12,6.314574807945039,10,0.7700309841234971,15,,0,13.865199034981906,15,52,Average
28,RELIANCE,Reliance Industries Ltd,2017,11.31284863239404,12,9.81497200234246,10,0.8246779594173881,15,,0,14.426864120550793,15,52,Average
28,RELIANCE,Reliance Industries Ltd,2020,8.878677370949715,5,6.683660728800578,10,0.7906497820404929,15,9.770964142825743,10,4.441639805693013,12,52,Average
28,TORNTPHARM,Torrent Pharmaceuticals Ltd,2019,9.227513227513228,5,5.682262478821843,10,1.2778835978835978,10,12.959868904863159,15,3.3392857142857144,12,52,Average
28,ULTRACEMCO,ULTRACEMCO,2015,11.039336169318839,12,9.019136702994937,10,0.5162018801533533,15,,0,8.13458262350937,15,52,Average
29,AMBUJACEM,Ambuja Cements Ltd,2016,7.234751021643711,5,7.136458644371454,10,0.00146309469754301,20,,0,23.673202614379086,15,50,Average
29,AXISBANK,Axis Bank Ltd,2022,11.01377461716035,12,19.33152262641554,15,8.632964375406939,5,8.629652750055783,10,1.968793114775639,8,50,Average
29,BHEL,Bharat Heavy Electricals Limited,2018,1.3545693520952529,5,1.5194088875013008,5,0.0034018865006958405,20,-10.031021577165578,5,7.066666666666666,15,50,Average
29,BHEL,Bharat Heavy Electricals Limited,2019,3.2422987315557856,5,3.2916132847146935,5,0.08406678747087756,20,-5.106092359144476,5,7.126984126984127,15,50,Average
29,BOSCHLTD,Bosch Ltd,2021,4.9068512674335745,5,4.959868285655484,5,0.005497302249821846,20,0.03502339184950909,5,65.85714285714286,15,50,Average
29,CIPLA,Cipla Ltd,2017,8.250956632653061,5,7.190496040016674,10,0.3278858418367347,20,,0,57.28365384615385,15,50,Average
29,GAIL,GAIL (India) Ltd,2017,8.584149599287622,5,6.949250288350635,10,0.16672179112072255,20,,0,14.210216110019646,15,50,Average
29,HINDALCO,Hindalco Industries Ltd,2019,9.556355541642754,5,4.209373228539474,5,0.9115493643588807,15,8.281705099970505,10,102.07897071872227,15,50,Average
29,ICICIBANK,ICICI Bank Ltd,2021,12.922385729787356,12,22.83907001783251,20,7.004638707507599,5,8.501260775564191,10,1.2644304043007177,3,50,Average
29,ICICIBANK,ICICI Bank Ltd,2022,14.577073709304432,12,27.815569088222038,20,6.882435334765151,5,9.379405364120297,10,1.3000370197492315,3,50,Average
29,ICICIGI,ICICI Lombard General Insurance Company Ltd,2016,15.66265060240964,20,8.403779214321233,10,0.0,20,,0,,0,50,Average
29,INDIGO,Interglobe Aviation Ltd,2014,10772.727272727272,25,4.263740217684627,5,3.1818181818181817,5,,0,27.335038363171357,15,50,Average
29,INDIGO,Interglobe Aviation Ltd,2021,-1094.148936170213,5,-42.14876033057851,5,0.015957446808510637,20,-1.9306172057442006,5,14.12934362934363,15,50,Average
29,JSWSTEEL,JSW Steel Ltd,2020,10.707942839968306,12,5.344625371628072,10,1.678269898084647,10,6.719141968738929,10,2.7019929660023445,8,50,Average
29,KOTAKBANK,Kotak Mahindra Bank Ltd,2021,11.845053889659587,12,30.438756855575868,20,3.878514091938486,5,9.974796418167053,10,1.262591148041377,3,50,Average
29,KOTAKBANK,Kotak Mahindra Bank Ltd,2022,12.50607769099467,12,35.82881360955514,20,3.783654890601562,5,8.61184401023458,10,1.2298624754420433,3,50,Average
29,LICI,Life Insurance Corporation of India,2021,43.201626961069145,25,0.43044431000095523,5,0.0005810575246949448,20,,0,,0,50,Average
29,LICI,Life Insurance Corporation of India,2022,36.38207796789557,25,0.5700616081127022,5,8.819897689186806e-05,20,,0,,0,50,Average
29,LODHA,Macrotech Developers Ltd,2018,15.411490683229815,20,8.20502221762943,10,4.3897515527950315,5,,0,5.043589743589743,15,50,Average
29,MOTHERSON,Samvardhana Motherson International Ltd,2022,5.741208470953954,5,1.8534198889829712,5,0.6863221293957645,15,8.51873923333828,10,9.740331491712707,15,50,Average
29,MOTHERSON,Samvardhana Motherson International Ltd,2023,7.438090147871014,5,2.119612123673656,5,0.6142882593978265,15,6.951211399731538,10,8.093469910371319,15,50,Average
29,MOTHERSON,Samvardhana Motherson International Ltd,2024,9.254152111294967,5,3.0600251286831757,5,0.7788502788502788,15,9.21195713294276,10,5.224737713970182,15,50,Average
29,PNB,Punjab National Bank,2021,30.393594225780983,25,3.289192652712516,5,6.69831961204466,5,10.030810019359127,15,,0,50,Average
29,PNB,Punjab National Bank,2022,39.87348229772472,25,5.125783688780462,10,5.403632282420161,5,9.669463127978407,10,,0,50,Average
29,PNB,Punjab National Bank,2023,30.667397060166163,25,3.8678104669238302,5,4.895553729571807,5,12.253164864690724,15,,0,50,Average
29,RECLTD,REC Ltd,2018,13.658401865717442,12,19.644275752493602,15,6.271234810359641,5,10.692872231645211,15,1.4473111827795695,3,50,Average
29,SHREECEM,Shree Cement Ltd,2015,8.074298711144806,5,6.806199073334398,10,0.17380591357088704,20,,0,11.950413223140496,15,50,Average
29,SHRIRAMFIN,Shriram Finance Ltd,2020,13.84632344835189,12,15.168166173540246,15,5.221860875316944,5,12.532292167201753,15,0.4305304944063515,3,50,Average
29,SHRIRAMFIN,Shriram Finance Ltd,2021,11.50711424229866,12,14.343932958328551,15,4.906110420407975,5,10.957339615615979,15,0.37583892617449666,3,50,Average
29,SHRIRAMFIN,Shriram Finance Ltd,2022,10.427284920482851,12,14.131394443001819,15,4.401073002490898,5,12.046811444085236,15,0.3769569221324056,3,50,Average
29,TATACONSUM,Tata Consumer Products Ltd,2013,9.251559251559252,5,6.0535981499115765,10,0.28877338877338876,20,,0,9.833333333333334,15,50,Average
29,TATACONSUM,Tata Consumer Products Ltd,2014,8.719439220379552,5,6.590850348927371,10,0.24585399213540776,20,,0,10.597701149425287,15,50,Average
29,TATACONSUM,Tata Consumer Products Ltd,2017,7.262569832402235,5,6.710914454277287,10,0.12561851556264964,20,,0,20.441860465116278,15,50,Average
29,TATACONSUM,Tata Consumer Products Ltd,2020,3.329714078899747,5,4.77326968973747,5,0.11480275063336953,20,3.8117253809679896,5,16.36231884057971,15,50,Average
29,TATAMOTORS,Tata Motors Ltd,2018,9.526554051221863,5,3.1181615503344196,5,0.9321163599782034,15,9.080075940842015,10,7.986117043998291,15,50,Average
29,TRENT,Trent Ltd,2015,9.071729957805907,5,5.64798598949212,10,0.1877637130801688,20,,0,13.454545454545455,15,50,Average
29,TRENT,Trent Ltd,2018,5.454545454545454,5,4.033379694019471,5,0.245141065830721,20,0.23342924489198058,5,5.340909090909091,15,50,Average
29,TRENT,Trent Ltd,2019,5.771567436208992,5,3.6121673003802277,5,0.3001215066828676,20,2.4255257678468922,5,5.313725490196078,15,50,Average
29,UNITDSPR,UNITDSPR,2021,8.788540907987375,5,4.452096913048825,5,0.251760135955329,20,-0.8720521319704244,5,5.457446808510638,15,50,Average
29,VBL,VBL,2022,,0,11.766492067106961,15,,0,26.893134264624187,20,13.946078431372548,15,50,Average
29,VBL,VBL,2023,,0,13.102287602069437,15,,0,25.735515711694568,20,12.712328767123287,15,50,Average
30,POWERGRID,Power Grid Corporation of India Ltd,2014,13.107383710876707,12,29.238187078109934,20,2.427229235114416,5,,0,4.207744314689613,12,49,Weak
30,POWERGRID,Power Grid Corporation of India Ltd,2015,13.127292593459766,12,28.76852907639681,20,2.503785218137829,5,,0,3.836804704729233,12,49,Weak
30,POWERGRID,Power Grid Corporation of India Ltd,2016,13.552422105981352,12,28.854348247143136,20,2.468614964748692,5,,0,3.7042862760519073,12,49,Weak
30,POWERGRID,Power Grid Corporation of India Ltd,2017,14.94204467974171,12,28.995602599525238,20,2.386154895118919,5,,0,3.7690199871050933,12,49,Weak
30,TATASTEEL,Tata Steel Ltd,2019,13.234675371780922,12,5.785538057576315,10,1.4626913311570549,10,1.1899352303948563,5,4.026370757180157,12,49,Weak
31,ADANIENSOL,Adani Energy Solutions Ltd,2020,8.30685963054477,5,6.184302733006307,10,2.8528062124955875,5,144.37036240267406,20,2.019213583556747,8,48,Weak
31,ADANIENT,Adani Enterprises Ltd,2023,7.328068742246831,5,1.899012074643249,5,1.6096335965628876,10,28.84048322057997,20,2.431846812799194,8,48,Weak
31,ADANIENT,Adani Enterprises Ltd,2024,7.960187130036281,5,3.458790097592848,5,1.91968206988734,10,19.015414753081238,20,2.7492864983534577,8,48,Weak
31,APOLLOHOSP,Apollo Hospitals Chain of Indian private hospitals,2018,1.8450184501845017,5,0.7278903311901006,5,1.0538130381303814,10,16.942354195434504,20,2.7966101694915255,8,48,Weak
31,APOLLOHOSP,Apollo Hospitals Chain of Indian private hospitals,2021,2.976319791440365,5,1.2973484848484849,5,0.9037584184227677,15,11.418616248778267,15,2.7683741648106905,8,48,Weak
31,AXISBANK,Axis Bank Ltd,2014,16.194395249505156,20,20.293071374955126,20,8.680070840712574,5,,0,1.3034436191762322,3,48,Weak
31,AXISBANK,Axis Bank Ltd,2015,16.369663396293575,20,20.739028721215366,20,9.046652873256358,5,,0,1.331261207411835,3,48,Weak
31,AXISBANK,Axis Bank Ltd,2016,15.355029033402415,20,20.064409095344978,20,8.815511865419444,5,,0,1.4272756376053783,3,48,Weak
31,AXISBANK,Axis Bank Ltd,2023,7.381666037401469,5,11.248884505189986,15,8.876784737365254,5,13.218149586033778,15,1.8029486464721551,8,48,Weak
31,BANKBARODA,Bank of Baroda,2022,8.635121749447583,5,10.810111058118144,15,12.902404510770772,5,10.535600363888875,15,2.6060437651962487,8,48,Weak
31,GODREJCP,Godrej Consumer Products Ltd,2024,-4.609695973705834,5,-3.9798524404086266,5,0.314543960558751,20,6.447080048592069,10,2.412903225806452,8,48,Weak
31,GRASIM,Grasim Industries Ltd,2019,4.731127197518097,5,3.5556994818652847,5,1.4561702861082386,10,22.19996436144742,20,2.441254125412541,8,48,Weak
31,HDFCBANK,HDFC Bank Ltd,2013,18.838523046693776,20,19.249323777920306,15,9.158311273640258,5,,0,1.7721856161502874,8,48,Weak
31,ICICIBANK,ICICI Bank Ltd,2014,15.278032186314276,20,23.599911073384668,20,7.1052597147716865,5,,0,1.0911085258434436,3,48,Weak
31,ICICIBANK,ICICI Bank Ltd,2015,15.278909155303703,20,23.546321228440434,20,7.050433858686028,5,,0,1.0988596391694088,3,48,Weak
31,INDUSINDBK,IndusInd Bank Ltd,2021,6.5398362734924484,5,9.779310344827588,10,7.091617664014758,5,19.556948543092957,20,2.4375667022411953,8,48,Weak
31,IRFC,Indian Railway Finance Corporation Ltd,2019,9.009908902029727,5,20.25327824681157,20,6.94953651909861,5,12.433037605369979,15,1.354637663448613,3,48,Weak
31,JINDALSTEL,Jindal Steel & Power Ltd,2019,-7.517531556802244,5,-5.135630030234638,5,1.2329437431821724,10,19.483595321619717,20,1.6280487804878048,8,48,Weak
31,JSWSTEEL,JSW Steel Ltd,2023,6.300327269959662,5,2.4939744516751023,5,1.2307329324910572,10,18.199339744214637,20,2.9022022602144304,8,48,Weak
31,NAUKRI,Info Edge (India) Ltd,2020,-11.207289293849659,5,-18.75,5,0.03507972665148064,20,12.378841526917284,15,-4.571428571428571,3,48,Weak
31,PFC,Power Finance Corporation Ltd,2013,18.741554054054056,20,25.63243617881483,20,5.889907094594594,5,,0,0.5456116416552979,3,48,Weak
31,PFC,Power Finance Corporation Ltd,2014,19.845941428675243,20,25.515018451908254,20,5.785008356950803,5,,0,0.5845399525013407,3,48,Weak
31,PFC,Power Finance Corporation Ltd,2015,18.52457498997254,20,24.027533215943652,20,5.794174817191694,5,,0,0.546972049689441,3,48,Weak
31,PFC,Power Finance Corporation Ltd,2016,17.164427667369825,20,22.19590108036323,20,5.569557011213501,5,,0,0.5515398931380201,3,48,Weak
31,SHRIRAMFIN,Shriram Finance Ltd,2013,19.937312619242302,20,20.873163076045085,20,4.549741073862088,5,,0,0.7069857697283312,3,48,Weak
31,TATAPOWER,Tata Power Company Ltd,2018,15.921702542837979,20,9.728017883755587,10,2.962924568571254,5,-4.150670375923127,5,2.3613400691305504,8,48,Weak
31,TRENT,Trent Ltd,2020,4.438860971524288,5,3.040734366035571,5,0.12562814070351758,20,8.824393804055731,10,2.570342205323194,8,48,Weak
31,TRENT,Trent Ltd,2022,1.4805414551607445,5,0.7781236104935527,5,1.998730964467005,10,19.942266579289726,20,2.2984615384615386,8,48,Weak
32,BHARTIARTL,Bharti Airtel Ltd,2024,9.825713564031322,5,5.706018055499993,10,2.5895083698822017,5,13.17410230151459,15,3.3055457435535147,12,47,Weak
32,BOSCHLTD,Bosch Ltd,2013,14.061010486177311,12,10.106200753682767,15,0.029075309818875118,20,,0,,0,47,Weak
32,BPCL,Bharat Petroleum Corporation Ltd,2023,3.9815403011845594,5,0.45035049568141133,5,1.2962146407084938,10,14.93778243741344,15,3.4539385847797064,12,47,Weak
32,DMART,Avenue Supermarts Ltd,2013,11.913814955640051,12,2.8135288835677943,5,0.6666666666666666,15,,0,5.348837209302325,15,47,Weak
32,IOC,Indian Oil Corporation,2016,13.79528784174261,12,3.587105723244087,5,0.6507223827517226,15,,0,7.816747920848867,15,47,Weak
32,IOC,Indian Oil Corporation,2023,8.37669355358178,5,1.3904266794653084,5,1.0662463051366653,10,14.836349116918468,15,4.7188982604111755,12,47,Weak
32,TATAMOTORS,Tata Motors Ltd,2016,14.791265579086026,12,4.276935021937695,5,0.8785084608369642,15,,0,7.307220290447944,15,47,Weak
33,BHEL,Bharat Heavy Electricals Limited,2015,4.238898471073172,5,4.629186220987772,5,0.055222615254187736,20,,0,36.54347826086956,15,45,Weak
33,GAIL,GAIL (India) Ltd,2015,9.288107695020868,5,5.21822415245141,10,0.5376227147140086,15,,0,10.085889570552148,15,45,Weak
33,GAIL,GAIL (India) Ltd,2016,5.147927368623465,5,3.6001767429350853,5,0.24866082465730846,20,,0,6.407542579075426,15,45,Weak
33,JIOFIN,Jio Financial Services Ltd,2023,0.027164388363126533,5,68.88888888888889,20,0.006510690501226779,20,,0,,0,45,Weak
33,JSWENERGY,JSW Energy Ltd,2013,14.522888459058672,12,10.15783540022548,15,1.6726305609284333,10,,0,2.917964693665628,8,45,Weak
33,MOTHERSON,Samvardhana Motherson International Ltd,2013,19.746614242027086,20,1.7867025061269666,5,2.142420270860638,5,,0,7.192,15,45,Weak
33,NAUKRI,Info Edge (India) Ltd,2015,-0.9893992932862191,5,-1.912568306010929,5,0.0007067137809187279,20,,0,27.5,15,45,Weak
33,NAUKRI,Info Edge (India) Ltd,2017,-2.701005025125628,5,-4.842342342342342,5,0.000628140703517588,20,,0,10.25,15,45,Weak
33,PNB,Punjab National Bank,2013,812.2977346278317,25,11.655174014998492,15,10.833333333333334,5,,0,,0,45,Weak
33,RECLTD,REC Ltd,2020,14.046388111986891,12,16.605437178545188,15,8.087945306099387,5,7.824923806375206,10,1.3708072244747511,3,45,Weak
33,TATACONSUM,Tata Consumer Products Ltd,2015,4.96996176952485,5,3.415488552483423,5,0.24103404332787184,20,,0,8.71951219512195,15,45,Weak
33,VBL,VBL,2021,,0,8.455173977105293,10,,0,17.973182558066327,20,8.429951690821255,15,45,Weak
34,BHARTIARTL,Bharti Airtel Ltd,2016,10.323498577205331,12,7.140637301620188,10,1.5073536019170286,10,,0,4.545050315937281,12,44,Weak
34,BHARTIARTL,Bharti Airtel Ltd,2022,12.478588815097515,12,7.125880546045801,10,2.5494786188658836,5,4.070742937881411,5,3.742778045257583,12,44,Weak
34,BPCL,Bharat Petroleum Corporation Ltd,2020,10.035037775101282,12,1.2882504251999494,5,1.792291689477718,10,3.2430889943381613,5,3.931740614334471,12,44,Weak
35,ADANIENT,Adani Enterprises Ltd,2022,3.5404591813811384,5,1.135119562085854,5,1.8692546165251382,10,13.699840248771,15,1.870942201108472,8,43,Weak
35,AXISBANK,Axis Bank Ltd,2013,15.6191567645817,20,19.05234889452967,15,8.93461608058387,5,,0,1.2697298122424057,3,43,Weak
35,AXISBANK,Axis Bank Ltd,2019,6.898026606884752,5,8.505801476739535,10,10.501106162060116,5,12.406089291127099,15,2.0674028941355673,8,43,Weak
35,AXISBANK,Axis Bank Ltd,2021,6.359441666505782,5,10.400025258106274,15,8.210427244821128,5,9.096920986218016,10,2.588470319634703,8,43,Weak
35,BHEL,Bharat Heavy Electricals Limited,2022,1.678865162604693,5,2.0979680354533023,5,0.18222289292990265,20,-5.713396543974669,5,2.752232142857143,8,43,Weak
35,BHEL,Bharat Heavy Electricals Limited,2023,2.682746738862909,5,2.7990584207147444,5,0.22372631060792517,20,-4.114427094959572,5,2.5947712418300655,8,43,Weak
35,BHEL,Bharat Heavy Electricals Limited,2024,1.165337410636803,5,1.180262001423011,5,0.3772056696557709,20,-4.728642461606237,5,1.5929951690821256,8,43,Weak
35,CANBK,Canara Bank,2022,8.802046854676176,5,8.720650295975302,10,16.18939123225797,5,11.239387352854724,15,1.7432643911517152,8,43,Weak
35,DLF,DLF Ltd,2019,3.913509649749821,5,15.706430791298112,15,0.5129258994519895,15,0.16336031000119267,5,1.4219204655674103,3,43,Weak
35,DLF,DLF Ltd,2020,-1.7127761488663744,5,-9.699161597895776,5,0.23523093447905477,20,-4.478170646145219,5,1.598458304134548,8,43,Weak
35,INDUSINDBK,IndusInd Bank Ltd,2014,15.570054185557892,20,17.058395929246426,15,8.3229016919164,5,,0,1.3532522474881015,3,43,Weak
35,INDUSINDBK,IndusInd Bank Ltd,2015,16.85456595264938,20,18.510111432108957,15,8.901916572717024,5,,0,1.2307692307692308,3,43,Weak
35,JINDALSTEL,Jindal Steel & Power Ltd,2018,-5.3184136909659365,5,-4.85489394940816,5,1.413921342767813,10,10.94010726559529,15,1.5222452146921883,8,43,Weak
35,JINDALSTEL,Jindal Steel & Power Ltd,2020,-1.2446712512057752,5,-1.0547688737705352,5,1.1458443538600367,10,14.344614348072525,15,1.8325371549893843,8,43,Weak
35,JSWENERGY,JSW Energy Ltd,2019,5.785823041786499,5,7.485226526592252,10,0.8928269328370834,15,1.1083666261997083,5,2.7290268456375837,8,43,Weak
35,JSWENERGY,JSW Energy Ltd,2024,6.167101640985306,5,15.018283127285393,15,1.1030352865467805,10,4.6799560539164675,5,2.8514369215781783,8,43,Weak
35,LODHA,Macrotech Developers Ltd,2023,3.8695411829740185,5,5.174234424498416,10,0.7154702677090736,15,-0.4315268098149416,5,2.1307053941908713,8,43,Weak
35,SHRIRAMFIN,Shriram Finance Ltd,2014,15.957696827262044,20,16.021708352996697,15,4.539365452408931,5,,0,0.47318686510748875,3,43,Weak
35,TRENT,Trent Ltd,2021,-7.825335062689148,5,-6.980331662167373,5,0.1297016861219196,20,8.990586420337365,10,1.1992337164750957,3,43,Weak
35,UNIONBANK,UNIONBANK,2022,7.430039090614018,5,7.71654697347208,10,15.32031724079536,5,15.764472945062558,20,0.2317437403554184,3,43,Weak
36,BANKBARODA,Bank of Baroda,2020,1.2890255439924314,5,1.2434248051207302,5,14.046318196152633,5,11.92616288690813,15,3.327700762857846,12,42,Weak
36,BHARTIARTL,Bharti Airtel Ltd,2015,12.690750936470824,12,5.252806942695706,10,2.097066143751414,5,,0,7.837381916329285,15,42,Weak
36,BHEL,Bharat Heavy Electricals Limited,2017,1.4047979252215257,5,1.5984542420516425,5,0.0048164500293309456,20,,0,4.47457627118644,12,42,Weak
36,TATACONSUM,Tata Consumer Products Ltd,2016,-0.5922842964623019,5,-0.5574807895133344,5,0.21674403713782617,20,,0,3.452991452991453,12,42,Weak
36,TATAMOTORS,Tata Motors Ltd,2017,13.015397333884469,12,2.8020749518897414,5,1.3537942199717543,10,,0,7.422840962718263,15,42,Weak
36,TRENT,Trent Ltd,2014,-1.917255297679112,5,-0.8144020574367767,5,0.3350151362260343,20,,0,3.1153846153846154,12,42,Weak
36,TRENT,Trent Ltd,2016,3.7568306010928962,5,3.262158956109134,5,0.273224043715847,20,,0,3.6666666666666665,12,42,Weak
36,TRENT,Trent Ltd,2017,5.4945054945054945,5,4.690949227373068,5,0.25339366515837103,20,,0,4.673913043478261,12,42,Weak
36,VBL,VBL,2017,,0,5.344655344655345,10,,0,17.339521465052155,20,3.9627906976744187,12,42,Weak
36,VBL,VBL,2018,,0,5.8765915768854065,10,,0,19.271608154633,20,4.672645739910314,12,42,Weak
36,VBL,VBL,2019,,0,6.6199158485273495,10,,0,23.299252840525053,20,4.657407407407407,12,42,Weak
37,ADANIENSOL,Adani Energy Solutions Ltd,2016,13.77245508982036,12,16.773017319963536,15,3.2129491017964074,5,,0,2.0867293625914316,8,40,Weak
37,ADANIENSOL,Adani Energy Solutions Ltd,2017,14.116050220563285,12,14.464534075104313,15,3.045469969460468,5,,0,2.2179203539823007,8,40,Weak
37,BANKBARODA,Bank of Baroda,2013,14.509344390361157,12,13.251193677624718,15,15.299320954269575,5,,0,2.4280647306583907,8,40,Weak
37,BANKBARODA,Bank of Baroda,2014,13.306206568552328,12,12.4459382645874,15,16.301767643406347,5,,0,2.169396939693969,8,40,Weak
37,CHOLAFIN,Cholamandalam Investment & Finance Company Ltd,2015,16.598130841121495,20,11.951547779273216,15,7.457943925233645,5,,0,,0,40,Weak
37,HINDALCO,Hindalco Industries Ltd,2020,6.459522952140885,5,3.188481852654388,5,1.172882692868289,10,2.527719294421793,5,114.62472406181016,15,40,Weak
37,ICICIBANK,ICICI Bank Ltd,2013,14.731759812689965,12,22.568786899855187,20,7.091880807992671,5,,0,1.079467939972715,3,40,Weak
37,JSWENERGY,JSW Energy Ltd,2014,11.565971693806118,12,8.788159111933396,10,1.5379698676000608,10,,0,2.5505804311774463,8,40,Weak
37,KOTAKBANK,Kotak Mahindra Bank Ltd,2013,14.659068579288661,12,20.64956634065326,20,5.60430994956442,5,,0,1.288341158059468,3,40,Weak
37,KOTAKBANK,Kotak Mahindra Bank Ltd,2014,13.241458813665899,12,21.08293008509928,20,4.503091595053448,5,,0,1.3330177962892844,3,40,Weak
37,KOTAKBANK,Kotak Mahindra Bank Ltd,2015,14.014262502256724,12,23.312561003078308,20,4.70563278570139,5,,0,1.1890333660451422,3,40,Weak
37,KOTAKBANK,Kotak Mahindra Bank Ltd,2016,10.562282699916077,12,17.27281639054995,15,5.38541541781561,5,,0,1.5109422094089897,8,40,Weak
37,KOTAKBANK,Kotak Mahindra Bank Ltd,2017,13.03907305414112,12,22.482530012542558,20,5.331757248259379,5,,0,1.2704974271012006,3,40,Weak
37,PNB,Punjab National Bank,2014,393.3618843683083,25,8.172071711375061,10,10.822269807280515,5,,0,,0,40,Weak
37,PNB,Punjab National Bank,2015,223.2425585813806,25,7.236707041675221,10,10.437618746041798,5,,0,,0,40,Weak
37,TATAPOWER,Tata Power Company Ltd,2019,14.236547391423107,12,8.721261001974499,10,2.649877082764272,5,-3.510035476297202,5,2.4594724220623503,8,40,Weak
38,BPCL,Bharat Petroleum Corporation Ltd,2013,11.540983606557377,12,0.7994021000821699,5,1.9765722801788375,10,,0,3.256949960285941,12,39,Weak
38,IOC,Indian Oil Corporation,2014,10.258713353849778,12,1.4266553358793475,5,1.39761165019952,10,,0,3.7468056489576327,12,39,Weak
38,M&M,Mahindra & Mahindra Ltd,2015,13.075762849518505,12,4.732112865300638,5,1.4661793711567468,10,,0,3.0386442825467217,12,39,Weak
38,M&M,Mahindra & Mahindra Ltd,2016,13.41537067794051,12,4.686119645046874,5,1.5685112486788464,10,,0,3.4088479809976246,12,39,Weak
38,M&M,Mahindra & Mahindra Ltd,2017,13.604002955201826,12,4.83568691583207,5,1.6375176304654442,10,,0,3.513024403619413,12,39,Weak
39,ADANIENT,Adani Enterprises Ltd,2019,3.429113580916238,5,1.2531266252259838,5,0.7619273515857956,15,-5.975222430379501,5,1.5218461538461538,8,38,Weak
39,ADANIENT,Adani Enterprises Ltd,2020,6.136779370980115,5,2.3961477317236133,5,0.7328140673865581,15,-7.606982238213844,5,2.013994910941476,8,38,Weak
39,ADANIENT,Adani Enterprises Ltd,2021,6.0959263360335685,5,2.645623087234742,5,0.9456844804475786,15,3.058667787307945,5,2.178649237472767,8,38,Weak
39,ADANIPOWER,Adani Power Ltd,2018,-236.55793025871765,5,-10.35756501182033,5,59.43194600674916,5,24.854768715819798,20,1.111310592459605,3,38,Weak
39,AXISBANK,Axis Bank Ltd,2018,0.42985967262136526,5,0.6028833551769331,5,9.522715591757908,5,10.987911870151823,15,2.632716330810614,8,38,Weak
39,AXISBANK,Axis Bank Ltd,2020,1.8844104702339586,5,2.5975892073122058,5,9.234850590687978,5,12.038978942135437,15,2.2559052584153956,8,38,Weak
39,BANKBARODA,Bank of Baroda,2021,1.9662580410243962,5,2.1799391770056786,5,12.95270057045758,5,10.16481983224744,15,2.591475454483557,8,38,Weak
39,BHEL,Bharat Heavy Electricals Limited,2020,-5.12212142358688,5,-6.839677584680613,5,0.17725052337752967,20,-7.281709644490064,5,0.7455138662316476,3,38,Weak
39,BHEL,Bharat Heavy Electricals Limited,2021,-10.391409767925182,5,-15.59882142238142,5,0.1905476657814725,20,-7.460035190816505,5,-5.687366167023555,3,38,Weak
39,DLF,DLF Ltd,2015,1.8524608133289489,5,6.628317427114655,10,0.8949906828894004,15,,0,1.5264756944444444,8,38,Weak
39,ICICIBANK,ICICI Bank Ltd,2018,8.225616921269095,5,14.63916862391815,15,7.368688420862334,5,6.72956758804637,10,1.280370376890172,3,38,Weak
39,ICICIBANK,ICICI Bank Ltd,2020,9.128985035783995,5,13.231411193361309,15,8.251756668835394,5,9.068758698425295,10,1.3134411085450346,3,38,Weak
39,TATAPOWER,Tata Power Company Ltd,2022,9.606986899563319,5,5.035500747384155,10,2.281213795561893,5,9.188569156258652,10,2.466182948950505,8,38,Weak
39,TATASTEEL,Tata Steel Ltd,2024,-5.44665934529158,5,-2.1425049417247384,5,1.1025547161857854,10,7.766224835881497,10,2.1634256792754396,8,38,Weak
39,TRENT,Trent Ltd,2013,-2.1933387489845653,5,-1.2664165103189493,5,0.2786352558895207,20,,0,2.1724137931034484,8,38,Weak
39,UNIONBANK,UNIONBANK,2021,4.4224412246285025,5,4.130657471397036,5,15.100497389477587,5,16.486853135582002,20,0.07335872324990932,3,38,Weak
40,APOLLOHOSP,Apollo Hospitals Chain of Indian private hospitals,2016,7.052821128451381,5,3.8211382113821135,5,0.8505402160864346,15,,0,4.311111111111111,12,37,Weak
40,APOLLOHOSP,Apollo Hospitals Chain of Indian private hospitals,2017,3.952926976463488,5,1.8054024255788312,5,0.9429692214846107,15,,0,3.0894941634241246,12,37,Weak
40,BANKBARODA,Bank of Baroda,2019,2.1201541930322207,5,2.203908819415567,5,13.354716706669576,5,5.50896667929075,10,3.271839736274883,12,37,Weak
40,BHARTIARTL,Bharti Airtel Ltd,2018,3.1408643129359315,5,2.6428199760403683,5,1.60112173725462,10,1.4375315360475094,5,3.413574951747802,12,37,Weak
40,IOC,Indian Oil Corporation,2015,7.078103207810321,5,1.0838540890353208,5,0.942773709902371,15,,0,3.912163770530826,12,37,Weak
40,JINDALSTEL,Jindal Steel & Power Ltd,2014,8.385670057496682,5,9.830965467178263,10,1.6084918177797434,10,,0,3.4023242944106253,12,37,Weak
40,VBL,VBL,2020,,0,5.534883720930233,10,,0,13.702385227112647,15,4.030612244897959,12,37,Weak
41,BHARTIARTL,Bharti Airtel Ltd,2013,4.50498787806526,5,2.9461837368578374,5,1.326179404634156,10,,0,5.337242752821421,15,35,Weak
41,CANBK,Canara Bank,2013,11.896250397203687,12,8.790724977986498,10,14.936447410231967,5,,0,2.1822853688029022,8,35,Weak
41,HAL,Hindustan Aeronautics Ltd,2013,,0,20.917085427135678,20,,0,,0,820.6,15,35,Weak
41,HINDALCO,Hindalco Industries Ltd,2013,8.511180300028306,5,3.749703839487237,5,1.6119728276252476,10,,0,65.26012601260126,15,35,Weak
41,HINDALCO,Hindalco Industries Ltd,2014,5.405871342724855,5,2.5029933291521753,5,1.5948182445079302,10,,0,117.69571639586411,15,35,Weak
41,HINDALCO,Hindalco Industries Ltd,2016,-1.7286808342978157,5,-0.7108212922366569,5,1.663473614223448,10,,0,60.659333333333336,15,35,Weak
41,HINDALCO,Hindalco Industries Ltd,2017,4.086063527215094,5,1.8785434799968057,5,1.3855489697996048,10,,0,73.35475792988314,15,35,Weak
41,ICICIBANK,ICICI Bank Ltd,2016,11.610757509749126,12,18.428508786723782,15,7.1347132641242785,5,,0,1.2400123509571992,3,35,Weak
41,ICICIBANK,ICICI Bank Ltd,2017,10.837984555394144,12,18.608467344929437,15,6.698467008181054,5,,0,1.2158107438331618,3,35,Weak
41,INDUSINDBK,IndusInd Bank Ltd,2013,13.905635648754917,12,15.194042675068022,15,8.332372214941023,5,,0,1.4314013206162877,3,35,Weak
41,INDUSINDBK,IndusInd Bank Ltd,2016,12.918173598553345,12,19.255390835579515,15,6.667947558770344,5,,0,1.2711555959963603,3,35,Weak
41,INDUSINDBK,IndusInd Bank Ltd,2017,13.891310665504214,12,19.908371511870055,15,7.218153637508476,5,,0,1.3634619995204986,3,35,Weak
41,LICI,Life Insurance Corporation of India,2019,324.32098765432096,25,0.4596611071061123,5,332.59382716049384,5,,0,,0,35,Weak
41,LICI,Life Insurance Corporation of India,2020,270.45908183632736,25,0.43149911709867,5,252.90818363273453,5,,0,,0,35,Weak
41,PNB,Punjab National Bank,2017,22.212262459662963,25,2.578134753839111,5,6.3637504481893155,5,,0,,0,35,Weak
41,SHRIRAMFIN,Shriram Finance Ltd,2015,11.094323332613858,12,11.201917838073443,15,5.039391323116771,5,,0,0.3597535061623459,3,35,Weak
41,SHRIRAMFIN,Shriram Finance Ltd,2016,11.635220125786164,12,11.429674679023073,15,4.892885220125786,5,,0,0.3590801886792453,3,35,Weak
41,SHRIRAMFIN,Shriram Finance Ltd,2017,11.17190257677374,12,11.611483078051913,15,4.684080480056477,5,,0,0.37804177045410997,3,35,Weak
42,ADANIENT,Adani Enterprises Ltd,2018,3.936642587315263,5,1.653490702594366,5,1.1688647359003248,10,-4.9788782627487205,5,1.9208,8,33,Weak
42,BHARTIARTL,Bharti Airtel Ltd,2019,2.3633843439788302,5,2.0896261450854174,5,1.7561289780602887,10,-1.2132844043885815,5,2.8467331952551307,8,33,Weak
42,BHEL,Bharat Heavy Electricals Limited,2016,-2.1847439269689,5,-2.768084689276612,5,0.006529475475785239,20,,0,0.375,3,33,Weak
42,CANBK,Canara Bank,2021,4.73802275276398,5,4.2090729221527905,5,17.000448646050312,5,9.79068258124791,10,1.8804037078749025,8,33,Weak
42,DLF,DLF Ltd,2013,2.5924054568774535,5,8.580985462498392,10,1.0338528508686695,10,,0,1.6905790838375108,8,33,Weak
42,DLF,DLF Ltd,2014,2.1536776784084686,5,7.1101470233791275,10,0.8809271764920606,15,,0,1.4721883881445392,3,33,Weak
42,DLF,DLF Ltd,2017,2.881211085337566,5,8.612090986497993,10,1.1883774874862654,10,,0,1.537248322147651,8,33,Weak
42,HINDALCO,Hindalco Industries Ltd,2021,5.234996167315468,5,2.6384764559723655,5,1.010115281138683,10,5.97531435810712,10,-115.96960486322189,3,33,Weak
42,ICICIBANK,ICICI Bank Ltd,2019,4.979300324717951,5,7.903364730071407,10,7.804092671527225,5,7.785564136098544,10,1.4109397387273495,3,33,Weak
42,IOC,Indian Oil Corporation,2020,-1.9664982494391918,5,-0.3877931962551911,5,1.3605107025304515,10,1.4797147807903865,5,1.5345303867403315,8,33,Weak
42,JSWENERGY,JSW Energy Ltd,2017,6.00829395312952,5,7.53963451530921,10,1.3838364355289807,10,,0,2.1038575667655786,8,33,Weak
42,JSWENERGY,JSW Energy Ltd,2018,0.7650765076507651,5,1.0560318051931916,5,1.0695769576957697,10,-1.9237930178255813,5,1.8956043956043955,8,33,Weak
42,M&M,Mahindra & Mahindra Ltd,2021,3.636188735510557,5,2.035596004200436,5,1.9389399259294888,10,-0.4156185562773529,5,2.0712881022615535,8,33,Weak
42,SBIN,State Bank of India,2024,,0,15.83441297482405,15,,0,11.63380022632805,15,0.3660986540179259,3,33,Weak
42,TATAMOTORS,Tata Motors Ltd,2019,-47.73093604081158,5,-9.513211321529585,5,1.7643197793250136,10,5.335382093506746,10,-0.35110262198298314,3,33,Weak
42,TATAMOTORS,Tata Motors Ltd,2020,-18.984131010320393,5,-4.586927543781696,5,1.9782812029360008,10,-0.15942283564516213,5,2.4974458097473424,8,33,Weak
42,TATASTEEL,Tata Steel Ltd,2020,1.5956290094596066,5,0.8396689959017859,5,1.5810590409916276,10,0.04483304721332182,5,1.93535112173105,8,33,Weak
42,ZOMATO,ZOMATO,2018,-10.328185328185329,5,-22.96137339055794,5,0.17953667953667954,20,,0,-11.833333333333334,3,33,Weak
42,ZOMATO,ZOMATO,2019,-42.869269949066215,5,-76.92307692307693,5,0.14770797962648557,20,,0,-106.44444444444444,3,33,Weak
42,ZOMATO,ZOMATO,2021,-10.675039246467819,5,-40.92276830491474,5,0.06894296180010466,20,,0,-66.7,3,33,Weak
42,ZOMATO,ZOMATO,2022,-7.403817025143895,5,-29.150763358778626,5,0.004241139048773099,20,,0,-88.16666666666667,3,33,Weak
43,BANKBARODA,Bank of Baroda,2018,-3.9427908774642444,5,-3.986451276706618,5,14.437808701627796,5,4.794092847280318,5,3.2623873873873874,12,32,Weak
43,BHARTIARTL,Bharti Airtel Ltd,2014,5.05221233014258,5,3.516025342401938,5,1.2700984001606532,10,,0,4.999659806089471,12,32,Weak
43,BHARTIARTL,Bharti Airtel Ltd,2017,6.286967994426079,5,4.442326224494071,5,1.5904650369865247,10,,0,3.880067036765476,12,32,Weak
43,CANBK,Canara Bank,2018,-10.496788356776973,5,-9.367517233039061,5,15.279182589370409,5,3.9465722412666437,5,3.4536361178696944,12,32,Weak
43,JSWSTEEL,JSW Steel Ltd,2013,5.443891004980955,5,2.431300706621303,5,1.2672135950776442,10,,0,3.1545500762582614,12,32,Weak
43,TATAMOTORS,Tata Motors Ltd,2023,5.935307356250828,5,0.7775308049611668,5,2.9591147786946737,5,3.4818837767886857,5,3.763325183374083,12,32,Weak
44,ADANIENT,Adani Enterprises Ltd,2014,11.1377699204445,12,4.815549529546654,5,3.0298438355011155,5,,0,1.84815009644047,8,30,Weak
44,HAL,Hindustan Aeronautics Ltd,2014,,0,17.793194582094483,15,,0,,0,523.5,15,30,Weak
44,HAL,Hindustan Aeronautics Ltd,2015,,0,15.181182453909727,15,,0,,0,266.2,15,30,Weak
44,UNIONBANK,UNIONBANK,2013,12.391015647554708,12,8.52636179427073,10,16.605404469080202,5,,0,0.18167852062588905,3,30,Weak
45,ADANIENSOL,Adani Energy Solutions Ltd,2019,6.950142981474575,5,7.652292950034223,10,2.50366778565212,5,,0,2.2386772106398274,8,28,Weak
45,ADANIENT,Adani Enterprises Ltd,2016,7.4749588877261175,5,2.9404845918607387,5,1.4328748691882194,10,,0,2.0103168754605747,8,28,Weak
45,ADANIENT,Adani Enterprises Ltd,2017,6.543576683644596,5,2.5319574083705145,5,1.4746745897000566,10,,0,2.1089896579156724,8,28,Weak
45,ADANIPOWER,Adani Power Ltd,2019,-12.759336099585061,5,-4.119912912409982,5,6.091804979253112,5,9.27588040271312,10,1.313593777620647,3,28,Weak
45,ADANIPOWER,Adani Power Ltd,2020,-35.102607622280516,5,-8.595284872298626,5,8.517049837987965,5,7.214840153417179,10,1.139604891815616,3,28,Weak
45,ADANIPOWER,Adani Power Ltd,2021,9.685045374818882,5,4.84344609282636,5,4.005109433386716,5,0.6564928179288998,5,2.0754014884449665,8,28,Weak
45,AXISBANK,Axis Bank Ltd,2017,6.525363604114934,5,8.259620133806294,10,9.355037247250799,5,,0,2.0353263193909847,8,28,Weak
45,BANKBARODA,Bank of Baroda,2015,9.400733019182256,5,8.794389402204164,10,15.838045599504975,5,,0,2.4716461736098365,8,28,Weak
45,BHARTIARTL,Bharti Airtel Ltd,2020,-39.748525503921186,5,-35.02895852134477,5,1.9214207012768163,10,-1.8489986111363321,5,-0.08326186392224127,3,28,Weak
45,BHARTIARTL,Bharti Airtel Ltd,2021,-20.972639221074417,5,-12.28830404707005,5,2.7612674503417978,5,0.832178134357231,5,2.7210920416142073,8,28,Weak
45,CANBK,Canara Bank,2014,8.854718981972429,5,6.7525903462218855,10,14.843352332979851,5,,0,2.3248069498069497,8,28,Weak
45,CANBK,Canara Bank,2015,9.020682014034225,5,6.689795266245178,10,15.37264557429521,5,,0,2.1764208747094864,8,28,Weak
45,CANBK,Canara Bank,2019,1.8466926689484995,5,1.4514817209234425,5,16.98548648146674,5,3.9169337588697672,5,2.7433128091248613,8,28,Weak
45,CANBK,Canara Bank,2020,-4.661942435567636,5,-3.8606081311923472,5,16.215356986846576,5,2.5778826660805887,5,2.2699381303500297,8,28,Weak
45,DLF,DLF Ltd,2016,1.2671901616186798,5,3.07273826314729,5,1.049648926004404,10,,0,1.6686567164179105,8,28,Weak
45,IOC,Indian Oil Corporation,2013,5.753763662610847,5,0.7854389536142752,5,1.422513761758967,10,,0,2.4232272473478504,8,28,Weak
45,IRFC,Indian Railway Finance Corporation Ltd,2014,9.270034382438508,5,11.311925125060514,15,9.245834435334567,5,,0,1.3412198827870632,3,28,Weak
45,IRFC,Indian Railway Finance Corporation Ltd,2015,8.730707210320203,5,10.923764231157227,15,8.208938032711357,5,,0,1.3834134615384615,3,28,Weak
45,IRFC,Indian Railway Finance Corporation Ltd,2016,7.366594360086768,5,11.309444518449448,15,7.592451193058569,5,,0,1.3533248776952347,3,28,Weak
45,IRFC,Indian Railway Finance Corporation Ltd,2017,7.7775002081772,5,10.323864264397038,15,8.85960529602798,5,,0,1.3096689895470384,3,28,Weak
45,JSWSTEEL,JSW Steel Ltd,2014,1.8985548313969962,5,0.7848496680983992,5,1.6778596391801266,10,,0,2.4734251968503935,8,28,Weak
45,JSWSTEEL,JSW Steel Ltd,2015,7.7254374158815615,5,3.2507739938080498,5,1.7386271870794079,10,,0,2.71027769825365,8,28,Weak
45,M&M,Mahindra & Mahindra Ltd,2020,-0.8031224198754034,5,-0.4258311002626622,5,2.053891766118742,5,1.0777383538855156,5,1.8340807174887892,8,28,Weak
45,SBIN,State Bank of India,2023,,0,16.460260228876,15,,0,8.90989554205488,10,0.41633110679489,3,28,Weak
45,TATAMOTORS,Tata Motors Ltd,2021,-24.245660397849658,5,-5.362397165675854,5,2.5726464785418215,5,-1.7642456393607842,5,2.6144250957144624,8,28,Weak
45,TATAMOTORS,Tata Motors Ltd,2022,-25.378694374004173,5,-4.061353042154179,5,3.2864836965059134,5,0.6414203484642833,5,2.9149484536082473,8,28,Weak
45,TATAPOWER,Tata Power Company Ltd,2020,6.725953184094859,5,4.516749038989566,5,2.6544004906470406,5,-2.806722437128961,5,2.021584334668447,8,28,Weak
45,TATAPOWER,Tata Power Company Ltd,2021,6.446266182860727,5,4.400207931994006,5,2.092371097074766,5,2.0870804315290092,5,2.1685785536159603,8,28,Weak
45,TATASTEEL,Tata Steel Ltd,2016,-1.136467575230952,5,-0.4874221546609131,5,1.8747599012165006,10,,0,2.3030087656953326,8,28,Weak
45,UNIONBANK,UNIONBANK,2018,-20.639949310945667,5,-15.816945860645786,5,18.05674798035799,5,5.536615780456833,10,-0.26577478590601167,3,28,Weak
45,VEDL,VEDL,2020,-8.683078612610963,5,-5.617724726751691,5,1.0833165553216801,10,2.7570346394068856,5,1.1675708257986739,3,28,Weak
45,ZOMATO,ZOMATO,2020,-522.1006564551423,5,-91.59309021113243,5,0.7133479212253829,15,,0,-176.07692307692307,3,28,Weak
46,BANKBARODA,Bank of Baroda,2016,-11.841517069383338,5,-10.98932291098059,5,14.599816483542337,5,,0,4.233144192256342,12,27,Weak
46,CANBK,Canara Bank,2016,-7.821659981487196,5,-5.756261495492632,5,15.634433816723234,5,,0,3.3739080896315987,12,27,Weak
46,TATASTEEL,Tata Steel Ltd,2014,9.042238231520773,5,2.466120284764558,5,2.0139396032764236,5,,0,3.896702789946968,12,27,Weak
47,ADANIENSOL,Adani Energy Solutions Ltd,2014,0.0,5,,0,0.0,20,,0,,0,25,Weak
48,ADANIENT,Adani Enterprises Ltd,2013,5.692652832305104,5,2.6264150943396225,5,3.240418769863526,5,,0,2.2325315005727377,8,23,Weak
48,ADANIENT,Adani Enterprises Ltd,2015,8.931902985074627,5,3.564725044597844,5,3.248250932835821,5,,0,1.876700680272109,8,23,Weak
48,ADANIGREEN,Adani Green Energy Ltd,2018,-10.290827740492169,5,-9.324324324324325,5,7.355704697986577,5,,0,1.6032608695652173,8,23,Weak
48,ADANIGREEN,Adani Green Energy Ltd,2021,8.272727272727273,5,5.8258642765685025,10,11.004090909090909,5,,0,1.3476702508960574,3,23,Weak
48,ADANIPOWER,Adani Power Ltd,2016,7.378146759507231,5,2.171257437837412,5,7.06065881092662,5,,0,1.5469424460431656,8,23,Weak
48,BANKBARODA,Bank of Baroda,2017,4.307242204007709,5,4.171070087468801,5,15.057909768500243,5,,0,2.4240897064382008,8,23,Weak
48,CANBK,Canara Bank,2017,4.06804093988756,5,3.403526545577345,5,15.420441112873,5,,0,1.9965613856342332,8,23,Weak
48,HINDALCO,Hindalco Industries Ltd,2015,0.6757285606198962,5,0.248367391950595,5,1.7863236713715462,10,,0,-114.71754807692308,3,23,Weak
48,IRFC,Indian Railway Finance Corporation Ltd,2013,8.163903659680951,5,9.405405405405405,10,9.188770722552393,5,,0,1.3570552147239263,3,23,Weak
48,JINDALSTEL,Jindal Steel & Power Ltd,2016,-9.517203107658158,5,-15.855976167240229,5,1.4427487976322604,10,,0,1.031960663798402,3,23,Weak
48,JINDALSTEL,Jindal Steel & Power Ltd,2017,-8.44564240790656,5,-11.74836828218303,5,1.5257395760540415,10,,0,1.2632955536181343,3,23,Weak
48,LODHA,Macrotech Developers Ltd,2021,1.0437051532941943,5,0.8808955771701229,5,3.9558599695586,5,-7.958624381472812,5,1.0941901408450705,3,23,Weak
48,PFC,Power Finance Corporation Ltd,2017,6.068666033383091,5,8.107030201950618,10,5.5093771203691135,5,,0,0.3163764312977099,3,23,Weak
48,SBIN,State Bank of India,2020,,0,7.833923780442613,10,,0,5.347278157008639,10,0.2108810605496388,3,23,Weak
48,SBIN,State Bank of India,2022,,0,12.822917995813404,15,,0,4.702560044345239,5,0.34207459953647384,3,23,Weak
48,TATAPOWER,Tata Power Company Ltd,2013,0.9971625456019456,5,0.37073876480694457,5,3.0710985002026754,5,,0,2.259651778955337,8,23,Weak
48,TATAPOWER,Tata Power Company Ltd,2014,0.0967663898072736,5,0.033588982813637126,5,3.2394968147730023,5,,0,2.07703488372093,8,23,Weak
48,TATAPOWER,Tata Power Company Ltd,2015,3.1917865623690456,5,1.3604024647992141,5,2.836080458164548,5,,0,1.9889159232224927,8,23,Weak
48,TATAPOWER,Tata Power Company Ltd,2016,6.7566405914209575,5,2.664948803146403,5,3.3395512765408752,5,,0,1.9051297898640296,8,23,Weak
48,TATAPOWER,Tata Power Company Ltd,2017,8.32450431360678,5,3.9872408293460926,5,3.694187982442864,5,,0,2.011887072808321,8,23,Weak
48,TATASTEEL,Tata Steel Ltd,2015,-12.564994098695333,5,-2.8235749512558783,5,2.574276691441513,5,,0,1.939562706270627,8,23,Weak
48,TATASTEEL,Tata Steel Ltd,2017,-11.023559586451254,5,-3.712410618082084,5,2.195034242047648,5,,0,1.8444400630914826,8,23,Weak
48,UNIONBANK,UNIONBANK,2014,9.053343350864013,5,5.739266516976254,10,17.552753032091875,5,,0,0.10429962267666651,3,23,Weak
48,UNIONBANK,UNIONBANK,2015,8.899944720840242,5,5.506155950752394,10,17.72038795919393,5,,0,0.12622673434856177,3,23,Weak
48,UNIONBANK,UNIONBANK,2019,-10.888358920852587,5,-8.515474733344991,5,17.17021910866001,5,3.1436584221808506,5,-0.14893706059591563,3,23,Weak
48,UNIONBANK,UNIONBANK,2020,-9.182112385995882,5,-8.327329971450679,5,14.861724036481318,5,3.1059167954082145,5,-0.144521422765801,3,23,Weak
48,UNITDSPR,UNITDSPR,2013,-2.193440568205557,5,-1.0117556369242628,5,1.721746396490495,10,,0,1.2558375634517767,3,23,Weak
48,UNITDSPR,UNITDSPR,2016,8.751529987760097,5,1.683343143025309,5,2.5960832313341493,5,,0,2.1466083150984683,8,23,Weak
48,UNITDSPR,UNITDSPR,2017,5.2100840336134455,5,1.0546609208437288,5,2.3215686274509806,5,,0,1.936,8,23,Weak
48,VEDL,VEDL,2015,-21.102552204176334,5,-15.423958757292091,5,1.4431925754060324,10,,0,0.5110443541261707,3,23,Weak
48,VEDL,VEDL,2016,-40.55950407593269,5,-27.795586816470074,5,1.539044937441813,10,,0,-2.455694011768778,3,23,Weak
49,AMBUJACEM,Ambuja Cements Ltd,2023,,0,,0,0.016499463688560794,20,,0,,0,20,Weak
49,PNB,Punjab National Bank,2018,-184.36596133353632,5,-24.855823499230375,5,8.186481960724615,5,2.4975249752582362,5,,0,20,Weak
49,PNB,Punjab National Bank,2019,-128.4465366509751,5,-18.31361343893225,5,9.664963012777404,5,3.011205394596783,5,,0,20,Weak
49,PNB,Punjab National Bank,2020,6.1029319239964765,5,0.883134855602899,5,8.523467975336604,5,2.428147129974434,5,,0,20,Weak
50,ADANIENSOL,Adani Energy Solutions Ltd,2015,-0.6463527239150507,5,-5.343511450381679,5,8.95752539242844,5,,0,1.4246575342465753,3,18,Weak
50,ADANIGREEN,Adani Green Energy Ltd,2017,-3.906899418121363,5,-9.362549800796813,5,3.6134663341645887,5,,0,1.4461077844311376,3,18,Weak
50,ADANIGREEN,Adani Green Energy Ltd,2019,-24.573202276254527,5,-23.080660835762874,5,5.764097258147957,5,,0,1.4264049955396967,3,18,Weak
50,ADANIGREEN,Adani Green Energy Ltd,2020,-2.8850233347475602,5,-2.6677128285602194,5,6.307170131523122,5,,0,1.3457286432160804,3,18,Weak
50,ADANIPOWER,Adani Power Ltd,2013,-53.459119496855344,5,-34.294680215182304,5,9.735616119263918,5,,0,0.6899588960657663,3,18,Weak
50,ADANIPOWER,Adani Power Ltd,2014,-4.447501146263182,5,-1.8984864300626305,5,6.747669264863212,5,,0,1.1364728495915426,3,18,Weak
50,ADANIPOWER,Adani Power Ltd,2015,-14.253275109170305,5,-4.367606915377617,5,7.815196506550218,5,,0,1.2060032894736843,3,18,Weak
50,ADANIPOWER,Adani Power Ltd,2017,-205.79999999999998,5,-27.299257163070394,5,17.494666666666667,5,,0,0.3920704845814978,3,18,Weak
50,JINDALSTEL,Jindal Steel & Power Ltd,2015,-6.900484744796122,5,-7.48415030153085,5,2.162389506700884,5,,0,1.413913043478261,3,18,Weak
50,JSWSTEEL,JSW Steel Ltd,2016,-2.536117262469683,5,-1.1577528522601455,5,2.225245175577349,5,,0,1.237434046098306,3,18,Weak
50,SBIN,State Bank of India,2013,,0,11.046220888698386,15,,0,,0,0.25707277799621786,3,18,Weak
50,SBIN,State Bank of India,2018,,0,-1.6373324016246669,5,,0,6.391337774342953,10,-0.062345245322401315,3,18,Weak
50,SBIN,State Bank of India,2019,,0,1.322822336788751,5,,0,6.026330755969744,10,0.05591946980438451,3,18,Weak
50,SBIN,State Bank of India,2021,,0,8.589252647286195,10,,0,4.739570467341814,5,0.234004230498045,3,18,Weak
50,TATASTEEL,Tata Steel Ltd,2013,-21.280580592297788,5,-5.398182789951898,5,2.0054137890670725,5,,0,1.3634072580645162,3,18,Weak
50,UNIONBANK,UNIONBANK,2016,5.844324887191947,5,4.168213887857409,5,16.259718847622352,5,,0,0.08395413074411986,3,18,Weak
50,UNIONBANK,UNIONBANK,2017,2.3782841489229236,5,1.7460462565133925,5,17.366870045241356,5,,0,0.025240839678599976,3,18,Weak
50,UNITDSPR,UNITDSPR,2014,-148.05408970976254,5,-42.719832508564906,5,2.7397757255936677,5,,0,-2.0309901738473166,3,18,Weak
50,UNITDSPR,UNITDSPR,2015,-255.99393019726858,5,-18.22995461422088,5,7.56752655538695,5,,0,-1.056768558951965,3,18,Weak
51,VBL,VBL,2015,,0,3.3294048320565706,5,,0,,0,3.988235294117647,12,17,Weak
52,PNB,Punjab National Bank,2016,-163.56011183597388,5,-6.908904810644831,5,12.122087604846225,5,,0,,0,15,Weak
53,SBIN,State Bank of India,2014,,0,7.831822365150057,10,,0,,0,0.19153927839379645,3,13,Weak
53,SBIN,State Bank of India,2015,,0,8.574148691663382,10,,0,,0,0.20600845478641527,3,13,Weak
53,SBIN,State Bank of India,2016,,0,5.900749207960731,10,,0,,0,0.1428132012555314,3,13,Weak
53,VBL,VBL,2012,,0,1.3888888888888888,5,,0,,0,2.3448275862068964,8,13,Weak
53,VBL,VBL,2013,,0,-1.8912529550827424,5,,0,,0,1.8128654970760234,8,13,Weak
53,VBL,VBL,2014,,0,-0.7993605115907274,5,,0,,0,2.144385026737968,8,13,Weak
53,VBL,VBL,2016,,0,1.2432012432012431,5,,0,,0,1.9241379310344828,8,13,Weak
54,SBIN,State Bank of India,2017,,0,-0.042092107946729615,5,,0,,0,0.02587935486034269,3,8,Weak
